observer,condition,trial,time_taken,acc
1,feature,1,27.816082,0.5897435897435898
1,feature,2,29.359322,0.6923076923076923
1,feature,3,28.376085,0.6923076923076923
1,feature,4,29.067204,0.6153846153846154
1,feature,5,25.986576,0.6666666666666666
1,feature,6,28.635575,0.717948717948718
1,feature,7,28.14992,0.7692307692307693
1,feature,8,27.579577,0.6153846153846154
1,feature,9,27.943069,0.6410256410256411
1,feature,10,29.166482,0.5641025641025641
1,feature,11,28.872599,0.717948717948718
1,feature,12,29.200224,0.6410256410256411
1,feature,13,28.716478,0.6666666666666666
1,feature,14,26.092895,0.6923076923076923
1,feature,15,29.554516,0.6666666666666666
1,feature,16,24.265137,0.8717948717948718
1,feature,17,26.493624,0.6923076923076923
1,feature,18,24.934984,0.6923076923076923
1,feature,19,27.975165,0.5897435897435898
1,feature,20,26.562024,0.6666666666666666
1,conjunction,1,29.07482,0.6410256410256411
1,conjunction,2,31.531887,0.5128205128205128
1,conjunction,3,26.976645,0.5128205128205128
1,conjunction,4,29.852718,0.6410256410256411
1,conjunction,5,33.745247,0.6153846153846154
1,conjunction,6,34.249172,0.5897435897435898
1,conjunction,7,31.191942,0.6153846153846154
1,conjunction,8,32.809937,0.46153846153846156
1,conjunction,9,37.306033,0.5897435897435898
1,conjunction,10,32.029828,0.6410256410256411
1,conjunction,11,34.673436,0.6410256410256411
1,conjunction,12,31.199349,0.5384615384615384
1,conjunction,13,36.204195,0.6153846153846154
1,conjunction,14,35.233962,0.5384615384615384
1,conjunction,15,43.53261,0.5128205128205128
1,conjunction,16,33.593899,0.6410256410256411
1,conjunction,17,31.375777,0.5641025641025641
1,conjunction,18,29.396428,0.46153846153846156
1,conjunction,19,30.546183,0.5128205128205128
1,conjunction,20,34.605626,0.5641025641025641
2,feature,1,33.848381,0.7692307692307693
2,feature,2,33.303831,0.6666666666666666
2,feature,3,34.587627,0.7692307692307693
2,feature,4,32.723679,0.7692307692307693
2,feature,5,30.512081,0.8205128205128205
2,feature,6,30.49631,0.717948717948718
2,feature,7,29.800467,0.7692307692307693
2,feature,8,29.629861,0.6666666666666666
2,feature,9,30.744339,0.6153846153846154
2,feature,10,30.470761,0.5384615384615384
2,feature,11,31.024156,0.717948717948718
2,feature,12,32.077247,0.7692307692307693
2,feature,13,29.543097,0.6923076923076923
2,feature,14,28.215869,0.717948717948718
2,feature,15,26.016988,0.8461538461538461
2,feature,16,27.630683,0.6410256410256411
2,feature,17,26.937992,0.6666666666666666
2,feature,18,26.026895,0.7692307692307693
2,feature,19,28.95131,0.717948717948718
2,feature,20,31.277351,0.6923076923076923
2,conjunction,1,34.915389,0.717948717948718
2,conjunction,2,36.779603,0.7435897435897436
2,conjunction,3,30.601111,0.6410256410256411
2,conjunction,4,32.65464,0.6410256410256411
2,conjunction,5,32.831873,0.6410256410256411
2,conjunction,6,29.77197,0.6410256410256411
2,conjunction,7,29.375919,0.7692307692307693
2,conjunction,8,33.332838,0.6153846153846154
2,conjunction,9,33.658241,0.5641025641025641
2,conjunction,10,34.955151,0.5128205128205128
2,conjunction,11,37.27293,0.6666666666666666
2,conjunction,12,35.222851,0.6153846153846154
2,conjunction,13,35.445622,0.717948717948718
2,conjunction,15,32.732949,0.5128205128205128
2,conjunction,16,34.095675,0.5128205128205128
2,conjunction,17,41.598957,0.7435897435897436
2,conjunction,18,36.261644,0.6153846153846154
2,conjunction,19,37.111824,0.6153846153846154
2,conjunction,20,28.112004,0.5641025641025641
3,feature,1,31.48702,0.5128205128205128
3,feature,2,34.119815,0.6923076923076923
3,feature,3,34.664215,0.5384615384615384
3,feature,4,30.062807,0.5384615384615384
3,feature,5,31.049424,0.6923076923076923
3,feature,6,29.43223,0.5128205128205128
3,feature,7,26.937855,0.5641025641025641
3,feature,9,30.840855,0.6153846153846154
3,feature,10,32.168692,0.48717948717948717
3,feature,11,26.320113,0.6153846153846154
3,feature,12,28.928105,0.5128205128205128
3,feature,13,29.989623,0.5384615384615384
3,feature,14,27.142785,0.6153846153846154
3,feature,15,27.75889,0.5897435897435898
3,feature,16,25.022158,0.6153846153846154
3,feature,17,30.22799,0.6410256410256411
3,feature,18,24.789712,0.6153846153846154
3,feature,19,24.774577,0.6410256410256411
3,feature,20,26.645488,0.6923076923076923
3,conjunction,1,30.876183,0.5384615384615384
3,conjunction,2,33.247806,0.5128205128205128
3,conjunction,3,32.182978,0.48717948717948717
3,conjunction,4,29.488609,0.5897435897435898
3,conjunction,5,32.038844,0.5128205128205128
3,conjunction,6,28.088273,0.5641025641025641
3,conjunction,7,41.071981,0.6153846153846154
3,conjunction,8,31.264752,0.4358974358974359
3,conjunction,9,28.03141,0.5897435897435898
3,conjunction,10,34.479976,0.5384615384615384
3,conjunction,11,32.900238,0.46153846153846156
3,conjunction,12,29.134616,0.717948717948718
3,conjunction,13,29.080496,0.48717948717948717
3,conjunction,14,27.530463,0.7692307692307693
3,conjunction,15,27.862373,0.5128205128205128
3,conjunction,16,32.337467,0.5384615384615384
3,conjunction,17,34.314846,0.46153846153846156
3,conjunction,18,28.497166,0.6410256410256411
3,conjunction,19,33.594569,0.5641025641025641
3,conjunction,20,27.133958,0.5641025641025641
4,feature,1,26.300178,0.6666666666666666
4,feature,2,22.646539,0.6923076923076923
4,feature,3,24.699787,0.8717948717948718
4,feature,4,25.655534,0.5641025641025641
4,feature,5,23.203818,0.5897435897435898
4,feature,6,23.511874,0.6410256410256411
4,feature,7,25.599051,0.6153846153846154
4,feature,8,22.501889,0.5897435897435898
4,feature,9,26.768468,0.6410256410256411
4,feature,10,26.192483,0.6410256410256411
4,feature,11,24.63378,0.5897435897435898
4,feature,12,24.244414,0.717948717948718
4,feature,13,26.714184,0.6410256410256411
4,feature,14,24.050318999999998,0.6410256410256411
4,feature,15,23.320682,0.6153846153846154
4,feature,16,24.639804,0.717948717948718
4,feature,17,22.738494,0.717948717948718
4,feature,18,23.089346,0.717948717948718
4,feature,19,25.159673,0.6153846153846154
4,feature,20,23.514073,0.5897435897435898
4,conjunction,1,37.848626,0.5641025641025641
4,conjunction,2,31.047586,0.5897435897435898
4,conjunction,3,35.182059,0.46153846153846156
4,conjunction,4,33.141994,0.5384615384615384
4,conjunction,5,32.055127,0.5897435897435898
4,conjunction,6,34.602619,0.5897435897435898
4,conjunction,7,32.822068,0.5384615384615384
4,conjunction,8,29.934605,0.6153846153846154
4,conjunction,9,29.59863,0.6153846153846154
4,conjunction,10,32.417883,0.6153846153846154
4,conjunction,11,28.664982,0.41025641025641024
4,conjunction,12,33.489071,0.6923076923076923
4,conjunction,13,31.704186,0.5384615384615384
4,conjunction,14,29.755651,0.5897435897435898
4,conjunction,15,27.614855,0.5897435897435898
4,conjunction,16,31.328855,0.6410256410256411
4,conjunction,17,27.326275,0.48717948717948717
4,conjunction,18,28.688287,0.5641025641025641
4,conjunction,19,28.864301,0.5897435897435898
4,conjunction,20,31.134773,0.6923076923076923
5,feature,1,30.318612,0.6923076923076923
5,feature,2,25.15671,0.717948717948718
5,feature,3,27.577476,0.8461538461538461
5,feature,4,28.43868,0.7435897435897436
5,feature,5,23.448072,0.6410256410256411
5,feature,6,31.478926,0.5897435897435898
5,feature,7,27.034998,0.8717948717948718
5,feature,8,29.228431,0.6410256410256411
5,feature,9,26.398638,0.6666666666666666
5,feature,10,23.811462,0.6410256410256411
5,feature,11,26.196611,0.8205128205128205
5,feature,12,26.227163,0.717948717948718
5,feature,13,25.297167,0.6666666666666666
5,feature,14,27.512486,0.6410256410256411
5,feature,15,25.302136,0.8205128205128205
5,feature,16,24.651577,0.6666666666666666
5,feature,17,25.913393,0.6923076923076923
5,feature,18,30.665485,0.6666666666666666
5,feature,19,28.2394,0.8205128205128205
5,feature,20,27.297197,0.7948717948717948
5,conjunction,1,30.347473,0.46153846153846156
5,conjunction,2,34.817647,0.6666666666666666
5,conjunction,4,31.993391,0.5641025641025641
5,conjunction,5,30.437751,0.6153846153846154
5,conjunction,6,30.721289,0.6153846153846154
5,conjunction,7,31.145305,0.5641025641025641
5,conjunction,8,40.537202,0.717948717948718
5,conjunction,9,33.369284,0.6923076923076923
5,conjunction,10,37.767833,0.4358974358974359
5,conjunction,11,35.799531,0.6153846153846154
5,conjunction,12,33.566538,0.717948717948718
5,conjunction,13,34.535302,0.717948717948718
5,conjunction,14,34.671855,0.5384615384615384
5,conjunction,15,33.51805,0.5897435897435898
5,conjunction,16,33.910819,0.6153846153846154
5,conjunction,17,32.806115,0.6410256410256411
5,conjunction,18,27.775989,0.6410256410256411
5,conjunction,19,29.499982,0.6410256410256411
5,conjunction,20,26.480891,0.48717948717948717
6,feature,1,23.943581,0.717948717948718
6,feature,2,25.046447,0.5897435897435898
6,feature,3,24.021822,0.7948717948717948
6,feature,4,24.938492,0.7692307692307693
6,feature,5,27.362402,0.717948717948718
6,feature,6,24.332158,0.8461538461538461
6,feature,7,25.999315,0.717948717948718
6,feature,8,24.572234,0.6923076923076923
6,feature,9,24.810488,0.7692307692307693
6,feature,10,24.922713,0.6923076923076923
6,feature,11,23.806316,0.6153846153846154
6,feature,12,21.567883,0.6666666666666666
6,feature,13,24.896196,0.6666666666666666
6,feature,14,23.208434,0.717948717948718
6,feature,15,22.977405,0.7948717948717948
6,feature,16,23.91911,0.6666666666666666
6,feature,17,24.14899,0.7948717948717948
6,feature,18,20.81835,0.7948717948717948
6,feature,19,22.863889,0.6153846153846154
6,feature,20,24.791146,0.6666666666666666
6,conjunction,2,38.581087,0.5384615384615384
6,conjunction,5,36.112206,0.6153846153846154
6,conjunction,6,40.776483,0.5384615384615384
6,conjunction,7,35.221443,0.7692307692307693
6,conjunction,8,37.330922,0.5897435897435898
6,conjunction,9,36.432812,0.6410256410256411
6,conjunction,10,35.667093,0.7435897435897436
6,conjunction,12,34.964941,0.6666666666666666
6,conjunction,13,31.366314,0.6410256410256411
6,conjunction,14,28.662083,0.7435897435897436
6,conjunction,15,35.433434,0.5128205128205128
6,conjunction,16,26.803629,0.6410256410256411
6,conjunction,17,28.169403,0.5384615384615384
6,conjunction,18,31.622281,0.7435897435897436
6,conjunction,20,25.214282999999998,0.8205128205128205
7,feature,1,32.000876,0.8974358974358975
7,feature,2,35.782664,0.8461538461538461
7,feature,3,32.504415,0.7435897435897436
7,feature,4,34.101429,0.6923076923076923
7,feature,5,28.585192,0.8205128205128205
7,feature,6,29.986713,0.7692307692307693
7,feature,7,26.370486,0.717948717948718
7,feature,9,30.829769,0.5897435897435898
7,feature,10,32.752259,0.6666666666666666
7,feature,11,30.683441,0.6153846153846154
7,feature,12,30.486898,0.6153846153846154
7,feature,13,34.5385,0.6923076923076923
7,feature,14,30.338565,0.717948717948718
7,feature,15,30.426446,0.6410256410256411
7,feature,16,34.345408,0.5897435897435898
7,feature,17,30.194191,0.6410256410256411
7,feature,18,32.97561,0.7435897435897436
7,feature,19,29.907914,0.6410256410256411
7,feature,20,30.496968,0.7948717948717948
7,conjunction,1,58.557145,0.5897435897435898
7,conjunction,2,39.856354,0.5641025641025641
7,conjunction,3,42.915963,0.717948717948718
7,conjunction,4,46.067561,0.5641025641025641
7,conjunction,5,41.506402,0.5384615384615384
7,conjunction,7,37.847442,0.5384615384615384
7,conjunction,8,54.796386,0.4358974358974359
7,conjunction,9,37.531006,0.5897435897435898
7,conjunction,10,51.710893,0.5897435897435898
7,conjunction,12,39.105944,0.6153846153846154
7,conjunction,13,42.086052,0.5128205128205128
7,conjunction,14,45.665715,0.5897435897435898
7,conjunction,15,43.048621,0.5128205128205128
7,conjunction,16,51.734933,0.38461538461538464
7,conjunction,17,36.615261,0.6666666666666666
7,conjunction,18,59.017261,0.5128205128205128
7,conjunction,20,53.092344,0.48717948717948717
8,feature,1,37.29591,0.5897435897435898
8,feature,2,34.535502,0.5641025641025641
8,feature,3,30.600992,0.7692307692307693
8,feature,4,33.958003,0.6666666666666666
8,feature,5,32.671498,0.6666666666666666
8,feature,6,33.581674,0.6410256410256411
8,feature,7,30.056245,0.7435897435897436
8,feature,8,31.666542,0.6923076923076923
8,feature,9,32.728007,0.6410256410256411
8,feature,10,30.796477,0.6923076923076923
8,feature,11,34.146962,0.6410256410256411
8,feature,12,32.168366,0.6923076923076923
8,feature,13,28.862845,0.5128205128205128
8,feature,14,30.801534,0.6923076923076923
8,feature,15,30.144498,0.717948717948718
8,feature,16,31.855184,0.6923076923076923
8,feature,17,26.747476,0.6666666666666666
8,feature,18,28.886365,0.6666666666666666
8,feature,19,29.803726,0.5897435897435898
8,feature,20,30.368941,0.6666666666666666
8,conjunction,2,33.092106,0.5897435897435898
8,conjunction,4,31.80401,0.6153846153846154
8,conjunction,5,35.243322,0.5641025641025641
8,conjunction,6,30.857399,0.5128205128205128
8,conjunction,7,31.011175,0.6410256410256411
8,conjunction,8,32.78899,0.6666666666666666
8,conjunction,9,29.606368,0.5897435897435898
8,conjunction,10,32.369592,0.5897435897435898
8,conjunction,11,35.645859,0.5897435897435898
8,conjunction,12,35.227845,0.48717948717948717
8,conjunction,13,34.766358,0.6410256410256411
8,conjunction,14,31.616015,0.5641025641025641
8,conjunction,15,46.306392,0.6923076923076923
8,conjunction,16,41.76668,0.6923076923076923
8,conjunction,17,37.198447,0.6410256410256411
8,conjunction,18,32.172872,0.5641025641025641
8,conjunction,19,32.954032,0.6666666666666666
8,conjunction,20,41.198045,0.48717948717948717
9,feature,1,24.477678,0.7435897435897436
9,feature,2,26.080015,0.6923076923076923
9,feature,3,21.794998,0.6410256410256411
9,feature,4,24.048241,0.7692307692307693
9,feature,5,25.662144,0.5641025641025641
9,feature,6,22.416803,0.717948717948718
9,feature,7,25.267117,0.6153846153846154
9,feature,8,24.897308,0.6923076923076923
9,feature,9,27.489061,0.717948717948718
9,feature,10,23.782639,0.6666666666666666
9,feature,11,26.879927,0.7692307692307693
9,feature,12,27.316303,0.7948717948717948
9,feature,13,26.13951,0.6923076923076923
9,feature,14,24.404061,0.6666666666666666
9,feature,15,24.064348,0.7435897435897436
9,feature,16,28.43028,0.5641025641025641
9,feature,17,26.376387,0.6153846153846154
9,feature,18,27.189858,0.6410256410256411
9,feature,19,23.430528,0.7692307692307693
9,feature,20,24.032444,0.6153846153846154
9,conjunction,1,42.959145,0.5384615384615384
9,conjunction,2,38.520459,0.5128205128205128
9,conjunction,3,34.9131,0.41025641025641024
9,conjunction,4,33.562268,0.6153846153846154
9,conjunction,5,32.009254,0.5128205128205128
9,conjunction,6,33.579799,0.6153846153846154
9,conjunction,7,39.616988,0.6153846153846154
9,conjunction,8,34.119309,0.6923076923076923
9,conjunction,9,40.895513,0.5384615384615384
9,conjunction,10,34.472213000000004,0.5641025641025641
9,conjunction,11,36.02366,0.5384615384615384
9,conjunction,12,39.221535,0.717948717948718
9,conjunction,13,35.059901,0.46153846153846156
9,conjunction,14,33.334737,0.6666666666666666
9,conjunction,15,38.741098,0.6410256410256411
9,conjunction,16,37.1425,0.6153846153846154
9,conjunction,17,33.90285,0.6410256410256411
9,conjunction,18,41.515851,0.5384615384615384
9,conjunction,19,35.260035,0.5384615384615384
9,conjunction,20,41.174114,0.6666666666666666
10,feature,1,32.653251,0.7948717948717948
10,feature,2,30.544463,0.6923076923076923
10,feature,3,30.00002,0.7435897435897436
10,feature,4,28.103283,0.6410256410256411
10,feature,5,28.7297,0.7948717948717948
10,feature,6,30.046701,0.7435897435897436
10,feature,7,27.539434,0.7435897435897436
10,feature,8,27.917264,0.6410256410256411
10,feature,9,24.748893,0.6410256410256411
10,feature,10,27.072572,0.7948717948717948
10,feature,11,24.358517,0.7435897435897436
10,feature,12,23.335948,0.6923076923076923
10,feature,13,26.82316,0.6153846153846154
10,feature,14,25.245186,0.6153846153846154
10,feature,15,25.266725,0.6666666666666666
10,feature,16,25.347101,0.7435897435897436
10,feature,17,26.216121,0.6666666666666666
10,feature,18,25.081001,0.6410256410256411
10,feature,19,25.724157,0.717948717948718
10,feature,20,25.447404,0.6666666666666666
10,conjunction,1,32.507368,0.6410256410256411
10,conjunction,2,31.1986,0.48717948717948717
10,conjunction,3,32.787079,0.6923076923076923
10,conjunction,4,31.269604,0.5897435897435898
10,conjunction,5,27.68459,0.5384615384615384
10,conjunction,6,28.199858,0.5384615384615384
10,conjunction,7,28.95633,0.5641025641025641
10,conjunction,8,28.72164,0.5384615384615384
10,conjunction,9,29.66563,0.717948717948718
10,conjunction,10,27.712109,0.5384615384615384
10,conjunction,11,30.078589,0.46153846153846156
10,conjunction,12,27.202133,0.6153846153846154
10,conjunction,13,25.993173,0.5641025641025641
10,conjunction,14,28.24571,0.5641025641025641
10,conjunction,15,27.220591,0.6410256410256411
10,conjunction,16,31.562744,0.46153846153846156
10,conjunction,17,27.723622,0.6923076923076923
10,conjunction,18,27.141375,0.48717948717948717
10,conjunction,19,28.878308,0.6153846153846154
10,conjunction,20,28.938204,0.6410256410256411
11,feature,1,29.029871,0.717948717948718
11,feature,3,29.209405,0.6410256410256411
11,feature,4,29.996533,0.7692307692307693
11,feature,5,27.585652,0.7435897435897436
11,feature,6,24.547599,0.7948717948717948
11,feature,7,26.383598,0.7435897435897436
11,feature,8,28.536441,0.6923076923076923
11,feature,9,27.272269,0.6923076923076923
11,feature,10,27.590701,0.6153846153846154
11,feature,11,28.27893,0.6923076923076923
11,feature,12,28.362455,0.7435897435897436
11,feature,13,27.754423,0.717948717948718
11,feature,14,27.38324,0.6666666666666666
11,feature,15,26.857601,0.8974358974358975
11,feature,16,25.986626,0.6923076923076923
11,feature,17,25.659724,0.6666666666666666
11,feature,18,27.454228,0.8717948717948718
11,feature,19,26.321187,0.5641025641025641
11,feature,20,26.337363,0.6666666666666666
11,conjunction,3,44.392617,0.6923076923076923
11,conjunction,4,49.534173,0.6410256410256411
11,conjunction,5,44.510756,0.7435897435897436
11,conjunction,6,52.200388,0.5897435897435898
11,conjunction,8,44.53853,0.7692307692307693
11,conjunction,9,41.804179,0.6666666666666666
11,conjunction,10,46.962407,0.5641025641025641
11,conjunction,11,42.122887,0.7692307692307693
11,conjunction,12,41.718902,0.5384615384615384
11,conjunction,13,38.864133,0.5128205128205128
11,conjunction,14,38.454696,0.6923076923076923
11,conjunction,15,40.289858,0.5641025641025641
11,conjunction,16,36.86618,0.6410256410256411
11,conjunction,17,37.320569,0.5384615384615384
11,conjunction,18,34.465457,0.5128205128205128
11,conjunction,19,34.734783,0.6410256410256411
12,feature,1,32.661259,0.6923076923076923
12,feature,2,35.99935,0.717948717948718
12,feature,3,36.509209,0.6923076923076923
12,feature,4,34.752297,0.717948717948718
12,feature,5,33.998398,0.6410256410256411
12,feature,6,31.506635,0.6923076923076923
12,feature,7,29.544408,0.6153846153846154
12,feature,8,31.943947,0.8461538461538461
12,feature,9,29.383451,0.5897435897435898
12,feature,10,31.553409,0.6410256410256411
12,feature,11,28.21253,0.6923076923076923
12,feature,12,29.606426,0.6923076923076923
12,feature,13,28.240943,0.717948717948718
12,feature,14,32.768311,0.6923076923076923
12,feature,15,28.647974,0.7948717948717948
12,feature,16,28.533912,0.717948717948718
12,feature,17,30.243838,0.717948717948718
12,feature,18,27.802019,0.6153846153846154
12,feature,19,25.982293,0.6666666666666666
12,feature,20,25.335794,0.6923076923076923
12,conjunction,1,36.989408,0.5384615384615384
12,conjunction,2,31.92525,0.6153846153846154
12,conjunction,3,32.953427,0.5897435897435898
12,conjunction,4,30.511127,0.5897435897435898
12,conjunction,5,27.078026,0.5384615384615384
12,conjunction,6,39.656167,0.46153846153846156
12,conjunction,7,46.364636,0.6410256410256411
12,conjunction,8,34.364924,0.717948717948718
12,conjunction,9,38.383779,0.6153846153846154
12,conjunction,10,31.232056,0.7948717948717948
12,conjunction,11,36.748053,0.5128205128205128
12,conjunction,12,34.255865,0.5384615384615384
12,conjunction,13,38.546948,0.6153846153846154
12,conjunction,14,36.038388,0.5897435897435898
12,conjunction,15,31.498578,0.6153846153846154
12,conjunction,16,31.829778,0.5384615384615384
12,conjunction,17,41.847915,0.5897435897435898
12,conjunction,18,43.775708,0.5128205128205128
12,conjunction,19,39.564948,0.717948717948718
12,conjunction,20,38.028509,0.6153846153846154
13,feature,1,27.458943,0.6153846153846154
13,feature,2,28.293376,0.717948717948718
13,feature,3,28.107093,0.6410256410256411
13,feature,4,27.223674,0.6666666666666666
13,feature,5,25.564795,0.6666666666666666
13,feature,6,26.982656,0.7435897435897436
13,feature,7,27.246323,0.717948717948718
13,feature,8,26.982325,0.6923076923076923
13,feature,9,24.069432,0.7948717948717948
13,feature,10,28.252873,0.7692307692307693
13,feature,11,24.590873,0.7435897435897436
13,feature,12,25.295965,0.6153846153846154
13,feature,13,24.191493,0.6153846153846154
13,feature,14,23.360318,0.6410256410256411
13,feature,15,24.01684,0.6923076923076923
13,feature,16,23.408573,0.5897435897435898
13,feature,17,23.511684,0.6923076923076923
13,feature,18,22.088314,0.7435897435897436
13,feature,19,25.855289,0.6923076923076923
13,feature,20,18.808989,0.8205128205128205
13,conjunction,1,26.975793,0.6666666666666666
13,conjunction,2,26.020548,0.5384615384615384
13,conjunction,3,27.866404,0.48717948717948717
13,conjunction,4,24.801533,0.5641025641025641
13,conjunction,5,27.685657,0.6153846153846154
13,conjunction,6,26.04211,0.5897435897435898
13,conjunction,7,26.760375,0.5897435897435898
13,conjunction,8,25.072102,0.5641025641025641
13,conjunction,9,28.405925,0.4358974358974359
13,conjunction,10,26.08887,0.5128205128205128
13,conjunction,11,27.264101,0.46153846153846156
13,conjunction,12,26.973433,0.5641025641025641
13,conjunction,13,26.556135,0.5384615384615384
13,conjunction,14,26.247711,0.5384615384615384
13,conjunction,16,27.398942,0.46153846153846156
13,conjunction,17,27.323722,0.5641025641025641
13,conjunction,18,26.606935,0.41025641025641024
13,conjunction,19,26.362029,0.6923076923076923
13,conjunction,20,24.488584,0.6153846153846154
14,feature,1,23.217276,0.7948717948717948
14,feature,3,23.801065,0.6410256410256411
14,feature,4,24.006039,0.5641025641025641
14,feature,6,23.968678,0.6410256410256411
14,feature,7,25.585578,0.6923076923076923
14,feature,8,20.802196,0.7692307692307693
14,feature,9,22.905202,0.717948717948718
14,feature,10,24.658945,0.7435897435897436
14,feature,11,27.076845,0.6410256410256411
14,feature,12,21.328467,0.717948717948718
14,feature,13,23.461093,0.5897435897435898
14,feature,14,25.655281,0.5384615384615384
14,feature,15,22.346192,0.5897435897435898
14,feature,16,21.382493,0.6410256410256411
14,feature,17,23.366078,0.6153846153846154
14,feature,18,22.607658,0.6153846153846154
14,feature,19,24.304761,0.5128205128205128
14,feature,20,21.284621,0.6666666666666666
14,conjunction,1,27.141374,0.5128205128205128
14,conjunction,2,27.262419,0.5128205128205128
14,conjunction,3,25.289354,0.5897435897435898
14,conjunction,4,22.550612,0.6923076923076923
14,conjunction,5,36.700541,0.46153846153846156
14,conjunction,6,22.758561,0.717948717948718
14,conjunction,7,21.039472,0.5641025641025641
14,conjunction,8,23.009433,0.6410256410256411
14,conjunction,9,25.594294,0.48717948717948717
14,conjunction,10,22.328325,0.5641025641025641
14,conjunction,11,23.573,0.6153846153846154
14,conjunction,12,25.545416,0.5641025641025641
14,conjunction,13,30.016879,0.5384615384615384
14,conjunction,14,24.478402,0.4358974358974359
14,conjunction,15,27.69817,0.5641025641025641
14,conjunction,17,27.242065,0.5384615384615384
14,conjunction,18,25.225847,0.5128205128205128
14,conjunction,19,27.8704,0.3333333333333333
14,conjunction,20,25.541139,0.6923076923076923
15,feature,1,38.665371,0.5128205128205128
15,feature,2,32.913531,0.6410256410256411
15,feature,3,34.37806,0.6666666666666666
15,feature,4,35.007396,0.5641025641025641
15,feature,5,32.457063,0.717948717948718
15,feature,6,34.730617,0.6923076923076923
15,feature,7,32.688442,0.6666666666666666
15,feature,8,28.439525,0.6410256410256411
15,feature,9,35.144416,0.6923076923076923
15,feature,11,33.471833,0.8461538461538461
15,feature,12,33.5758,0.48717948717948717
15,feature,13,33.436826,0.5384615384615384
15,feature,14,34.062321,0.7948717948717948
15,feature,15,29.7464,0.7948717948717948
15,feature,16,30.309377,0.6666666666666666
15,feature,17,29.873082,0.6923076923076923
15,feature,18,28.233581,0.717948717948718
15,feature,19,26.427388,0.717948717948718
15,feature,20,29.128638,0.717948717948718
15,conjunction,1,33.289584,0.5897435897435898
15,conjunction,2,33.953554,0.5897435897435898
15,conjunction,3,35.141846,0.6666666666666666
15,conjunction,4,32.981958,0.6666666666666666
15,conjunction,5,36.960576,0.717948717948718
15,conjunction,6,31.55351,0.6666666666666666
15,conjunction,7,32.444639,0.717948717948718
15,conjunction,8,32.594879,0.6153846153846154
15,conjunction,9,31.737129,0.6153846153846154
15,conjunction,10,34.417858,0.4358974358974359
15,conjunction,11,29.760373,0.5641025641025641
15,conjunction,12,37.017715,0.6410256410256411
15,conjunction,13,28.533916,0.6153846153846154
15,conjunction,14,33.563389,0.38461538461538464
15,conjunction,15,34.92335,0.7435897435897436
15,conjunction,16,30.71101,0.5641025641025641
15,conjunction,17,38.967521,0.5128205128205128
15,conjunction,18,30.754084,0.6153846153846154
15,conjunction,19,36.909372,0.6153846153846154
15,conjunction,20,41.024501,0.5641025641025641
16,feature,1,30.719141,0.7435897435897436
16,feature,2,30.166853,0.6923076923076923
16,feature,3,26.792176,0.6923076923076923
16,feature,4,27.706519,0.717948717948718
16,feature,5,25.084513,0.6410256410256411
16,feature,6,25.879938,0.7435897435897436
16,feature,7,29.642463,0.6153846153846154
16,feature,8,26.937908,0.717948717948718
16,feature,9,25.481989,0.6923076923076923
16,feature,10,24.684482,0.7435897435897436
16,feature,11,26.206706,0.6153846153846154
16,feature,12,24.017677,0.7692307692307693
16,feature,13,23.886585,0.6923076923076923
16,feature,14,24.729549,0.6410256410256411
16,feature,15,25.853402,0.717948717948718
16,feature,16,25.56907,0.7948717948717948
16,feature,17,26.417588,0.8717948717948718
16,feature,18,26.687768,0.6410256410256411
16,feature,19,26.733286,0.6410256410256411
16,feature,20,25.075109,0.6923076923076923
16,conjunction,1,29.487319,0.5641025641025641
16,conjunction,2,31.205417,0.5641025641025641
16,conjunction,3,25.992356,0.5897435897435898
16,conjunction,5,30.729323,0.48717948717948717
16,conjunction,6,26.814121,0.6410256410256411
16,conjunction,7,31.663291,0.6666666666666666
16,conjunction,8,30.551727,0.717948717948718
16,conjunction,9,30.443356,0.7692307692307693
16,conjunction,10,31.561814,0.6923076923076923
16,conjunction,11,30.514138,0.6666666666666666
16,conjunction,12,30.2107,0.6410256410256411
16,conjunction,14,26.829251,0.6923076923076923
16,conjunction,15,31.65469,0.6666666666666666
16,conjunction,16,28.259635,0.7692307692307693
16,conjunction,17,28.573993,0.5641025641025641
16,conjunction,18,25.73069,0.6153846153846154
16,conjunction,19,26.572724,0.6153846153846154
16,conjunction,20,27.187788,0.717948717948718
17,feature,1,26.502922,0.7692307692307693
17,feature,2,30.66562,0.7692307692307693
17,feature,3,29.841726,0.7692307692307693
17,feature,4,29.34356,0.7692307692307693
17,feature,6,34.181008,0.7435897435897436
17,feature,7,32.056784,0.6666666666666666
17,feature,8,24.882764,0.6923076923076923
17,feature,9,28.676352,0.5641025641025641
17,feature,10,29.063994,0.7692307692307693
17,feature,11,27.103534,0.7435897435897436
17,feature,12,27.603851,0.8205128205128205
17,feature,13,28.416267,0.717948717948718
17,feature,14,24.530573,0.8205128205128205
17,feature,15,26.230032,0.6410256410256411
17,feature,16,24.96045,0.8205128205128205
17,feature,17,25.368554,0.5897435897435898
17,feature,18,28.009844,0.7948717948717948
17,feature,19,25.347587,0.7692307692307693
17,feature,20,26.734476,0.717948717948718
17,conjunction,1,33.151595,0.5641025641025641
17,conjunction,2,29.269794,0.5384615384615384
17,conjunction,3,32.940582,0.6153846153846154
17,conjunction,5,27.920916,0.48717948717948717
17,conjunction,6,30.737693,0.7692307692307693
17,conjunction,7,37.608817,0.6153846153846154
17,conjunction,9,33.410127,0.6923076923076923
17,conjunction,10,29.172011,0.6666666666666666
17,conjunction,11,31.096742,0.717948717948718
17,conjunction,13,30.801747,0.7435897435897436
17,conjunction,14,32.304003,0.717948717948718
17,conjunction,15,30.882996,0.5641025641025641
17,conjunction,16,35.287124,0.6153846153846154
17,conjunction,17,30.967478,0.46153846153846156
17,conjunction,18,29.703712,0.5897435897435898
17,conjunction,19,30.763334,0.5384615384615384
17,conjunction,20,32.796868,0.6923076923076923
18,feature,1,23.741036,0.717948717948718
18,feature,2,26.62105,0.717948717948718
18,feature,3,26.601693,0.7692307692307693
18,feature,4,28.543251,0.6923076923076923
18,feature,5,25.631197,0.7435897435897436
18,feature,6,25.977567,0.6153846153846154
18,feature,7,23.038925,0.717948717948718
18,feature,8,25.160655,0.8205128205128205
18,feature,9,25.608969,0.7692307692307693
18,feature,10,22.443969,0.717948717948718
18,feature,11,24.945769,0.7435897435897436
18,feature,12,25.521754,0.717948717948718
18,feature,13,26.000527,0.7692307692307693
18,feature,14,27.31002,0.6153846153846154
18,feature,15,28.825415,0.7692307692307693
18,feature,16,27.847661,0.7948717948717948
18,feature,17,27.485524,0.717948717948718
18,feature,18,22.712799,0.6923076923076923
18,feature,19,26.463709,0.6923076923076923
18,feature,20,21.935666,0.7692307692307693
18,conjunction,1,58.817199,0.7435897435897436
18,conjunction,2,47.609195,0.717948717948718
18,conjunction,3,51.938612,0.6153846153846154
18,conjunction,4,33.516849,0.717948717948718
18,conjunction,5,42.203197,0.5897435897435898
18,conjunction,6,36.417685,0.717948717948718
18,conjunction,7,55.567341,0.5897435897435898
18,conjunction,8,41.601731,0.6666666666666666
18,conjunction,9,38.056922,0.5897435897435898
18,conjunction,10,35.010737,0.5128205128205128
18,conjunction,11,45.533679,0.6153846153846154
18,conjunction,12,37.893562,0.5897435897435898
18,conjunction,13,37.397439,0.6923076923076923
18,conjunction,14,49.114593,0.5128205128205128
18,conjunction,15,33.684161,0.4358974358974359
18,conjunction,16,46.559226,0.6923076923076923
18,conjunction,17,43.881204,0.6153846153846154
18,conjunction,18,37.795483,0.6410256410256411
18,conjunction,19,37.714382,0.6410256410256411
18,conjunction,20,49.881389,0.6410256410256411
19,feature,1,25.681057,0.6923076923076923
19,feature,2,25.957746,0.6666666666666666
19,feature,3,26.084756,0.7948717948717948
19,feature,4,30.984865,0.6410256410256411
19,feature,5,29.265749,0.7435897435897436
19,feature,6,29.568491,0.6666666666666666
19,feature,7,30.049076,0.6410256410256411
19,feature,8,25.696546,0.717948717948718
19,feature,9,26.838972,0.6666666666666666
19,feature,10,30.440999,0.5897435897435898
19,feature,11,27.992414,0.6153846153846154
19,feature,12,28.221452,0.8461538461538461
19,feature,13,25.361956,0.6666666666666666
19,feature,14,26.579551,0.6153846153846154
19,feature,15,24.871995,0.717948717948718
19,feature,16,26.335404,0.5384615384615384
19,feature,17,24.103744,0.6923076923076923
19,feature,18,27.042527,0.6666666666666666
19,feature,19,28.553684,0.6666666666666666
19,feature,20,29.87682,0.7435897435897436
19,conjunction,1,40.298188,0.5384615384615384
19,conjunction,2,40.007185,0.4358974358974359
19,conjunction,3,38.887241,0.5384615384615384
19,conjunction,4,40.913341,0.5384615384615384
19,conjunction,5,43.04877,0.5384615384615384
19,conjunction,6,35.024131,0.5641025641025641
19,conjunction,7,39.893062,0.6410256410256411
19,conjunction,8,41.965579,0.6666666666666666
19,conjunction,9,40.334294,0.48717948717948717
19,conjunction,10,37.598988,0.6153846153846154
19,conjunction,11,46.988315,0.5384615384615384
19,conjunction,12,35.287612,0.5384615384615384
19,conjunction,13,39.686053,0.6153846153846154
19,conjunction,14,44.442564,0.5128205128205128
19,conjunction,16,39.312607,0.6410256410256411
19,conjunction,17,31.097879,0.5128205128205128
19,conjunction,18,43.544873,0.6153846153846154
19,conjunction,19,32.722727,0.717948717948718
19,conjunction,20,43.372612,0.46153846153846156
20,feature,1,20.118704,0.7435897435897436
20,feature,2,21.509381,0.7948717948717948
20,feature,3,23.041468,0.7435897435897436
20,feature,4,23.846722,0.6153846153846154
20,feature,5,20.181132,0.717948717948718
20,feature,6,22.235403,0.8205128205128205
20,feature,8,21.775159,0.6410256410256411
20,feature,9,21.426566,0.6153846153846154
20,feature,10,24.152288,0.5897435897435898
20,feature,11,23.467758,0.717948717948718
20,feature,12,22.73076,0.7435897435897436
20,feature,13,20.680506,0.46153846153846156
20,feature,14,24.505552,0.5641025641025641
20,feature,15,22.588055,0.6923076923076923
20,feature,17,25.624165,0.717948717948718
20,feature,18,24.318643,0.6923076923076923
20,feature,19,22.302617,0.7435897435897436
20,feature,20,24.768389,0.6666666666666666
20,conjunction,1,48.355988,0.5897435897435898
20,conjunction,2,39.501153,0.7435897435897436
20,conjunction,3,38.354915,0.5641025641025641
20,conjunction,4,46.406824,0.6923076923076923
20,conjunction,5,36.178306,0.6666666666666666
20,conjunction,6,37.30978,0.5897435897435898
20,conjunction,7,49.395282,0.6410256410256411
20,conjunction,8,47.217832,0.5384615384615384
20,conjunction,9,46.91219,0.6410256410256411
20,conjunction,10,36.768536,0.5641025641025641
20,conjunction,11,40.626071,0.717948717948718
20,conjunction,12,32.55141,0.6153846153846154
20,conjunction,13,32.139121,0.5384615384615384
20,conjunction,14,34.803371,0.5641025641025641
20,conjunction,15,33.466292,0.5128205128205128
20,conjunction,16,37.921641,0.6410256410256411
20,conjunction,18,35.175171,0.48717948717948717
20,conjunction,19,38.428863,0.6410256410256411
20,conjunction,20,36.232454,0.6666666666666666
21,feature,1,28.648059,0.6666666666666666
21,feature,2,27.614535,0.717948717948718
21,feature,3,30.504182,0.5897435897435898
21,feature,4,27.828182,0.5128205128205128
21,feature,5,27.959204,0.5128205128205128
21,feature,6,28.152468,0.6410256410256411
21,feature,7,29.476346,0.5128205128205128
21,feature,8,27.151494,0.6923076923076923
21,feature,9,31.347109,0.46153846153846156
21,feature,10,25.928321,0.6923076923076923
21,feature,11,27.477043,0.6666666666666666
21,feature,12,29.295042,0.6153846153846154
21,feature,13,29.645847,0.6153846153846154
21,feature,14,29.068793,0.6410256410256411
21,feature,15,30.372599,0.8717948717948718
21,feature,16,31.233743,0.5384615384615384
21,feature,17,26.20251,0.6153846153846154
21,feature,18,27.769106,0.6153846153846154
21,feature,19,30.857645,0.6923076923076923
21,feature,20,26.163374,0.6666666666666666
21,conjunction,1,36.473158,0.6153846153846154
21,conjunction,2,32.9781,0.6410256410256411
21,conjunction,3,38.239042,0.5384615384615384
21,conjunction,4,34.297662,0.7692307692307693
21,conjunction,5,32.20075,0.5384615384615384
21,conjunction,6,31.558703,0.5128205128205128
21,conjunction,7,33.695364,0.6923076923076923
21,conjunction,8,33.007577,0.6410256410256411
21,conjunction,9,32.200953,0.6410256410256411
21,conjunction,10,31.933456,0.5384615384615384
21,conjunction,11,30.730669,0.6923076923076923
21,conjunction,12,31.117306,0.48717948717948717
21,conjunction,13,31.702895,0.6923076923076923
21,conjunction,14,32.033933,0.717948717948718
21,conjunction,15,32.205022,0.5384615384615384
21,conjunction,16,29.436739,0.5641025641025641
21,conjunction,17,35.311948,0.5641025641025641
21,conjunction,18,31.663172,0.5128205128205128
21,conjunction,19,30.403834,0.5384615384615384
21,conjunction,20,29.929122,0.6153846153846154
22,feature,1,22.448637,0.7948717948717948
22,feature,2,24.887908,0.5384615384615384
22,feature,3,23.231637,0.8205128205128205
22,feature,4,27.495634,0.6153846153846154
22,feature,6,28.527294,0.6666666666666666
22,feature,7,25.71472,0.717948717948718
22,feature,8,34.011133,0.6410256410256411
22,feature,9,26.093612,0.5384615384615384
22,feature,10,22.531071,0.7435897435897436
22,feature,11,24.904462,0.5384615384615384
22,feature,12,25.145874,0.6666666666666666
22,feature,13,23.776461,0.6410256410256411
22,feature,14,25.933305,0.6153846153846154
22,feature,15,28.031367,0.5897435897435898
22,feature,16,27.050959,0.6923076923076923
22,feature,17,25.073496,0.5128205128205128
22,feature,18,26.719657,0.5384615384615384
22,feature,19,23.086752,0.6666666666666666
22,feature,20,27.864938,0.6666666666666666
22,conjunction,1,43.722135,0.6923076923076923
22,conjunction,2,44.558335,0.6666666666666666
22,conjunction,4,48.764967,0.46153846153846156
22,conjunction,5,37.359619,0.6666666666666666
22,conjunction,6,37.695216,0.6666666666666666
22,conjunction,7,49.760297,0.6666666666666666
22,conjunction,8,34.825789,0.6410256410256411
22,conjunction,9,33.502675,0.6666666666666666
22,conjunction,10,37.883074,0.6410256410256411
22,conjunction,11,33.774761,0.717948717948718
22,conjunction,12,39.418815,0.5897435897435898
22,conjunction,13,51.762361,0.46153846153846156
22,conjunction,14,33.378791,0.5897435897435898
22,conjunction,15,41.433238,0.6410256410256411
22,conjunction,16,43.29149,0.6410256410256411
22,conjunction,17,45.043336,0.5384615384615384
22,conjunction,18,30.23267,0.6410256410256411
22,conjunction,19,30.995821,0.5128205128205128
22,conjunction,20,42.265056,0.6153846153846154
23,feature,1,24.599317,0.6410256410256411
23,feature,2,22.654026000000002,0.8717948717948718
23,feature,3,22.272144,0.6666666666666666
23,feature,4,22.230457,0.717948717948718
23,feature,5,22.88043,0.717948717948718
23,feature,6,22.323995,0.7692307692307693
23,feature,7,21.102291,0.6923076923076923
23,feature,8,25.289499,0.717948717948718
23,feature,9,23.170239,0.8205128205128205
23,feature,10,21.941482,0.5897435897435898
23,feature,11,24.246373,0.717948717948718
23,feature,12,22.7965,0.7435897435897436
23,feature,13,23.968291,0.7435897435897436
23,feature,14,25.016683,0.5897435897435898
23,feature,15,21.862511,0.7692307692307693
23,feature,16,22.769544,0.717948717948718
23,feature,17,22.282936,0.6923076923076923
23,feature,18,24.07755,0.7692307692307693
23,feature,19,25.47097,0.717948717948718
23,feature,20,25.351665,0.5897435897435898
23,conjunction,1,32.55168,0.6923076923076923
23,conjunction,2,34.899788,0.6153846153846154
23,conjunction,3,29.327122,0.6410256410256411
23,conjunction,4,37.707332,0.6666666666666666
23,conjunction,5,32.919358,0.6410256410256411
23,conjunction,6,30.374891,0.6410256410256411
23,conjunction,7,29.06684,0.7435897435897436
23,conjunction,8,28.226504,0.7435897435897436
23,conjunction,9,28.520759,0.5641025641025641
23,conjunction,10,32.04904,0.5641025641025641
23,conjunction,11,39.949612,0.6153846153846154
23,conjunction,12,30.291799,0.5128205128205128
23,conjunction,13,27.555922,0.6153846153846154
23,conjunction,14,25.992184,0.6410256410256411
23,conjunction,15,28.416299,0.6923076923076923
23,conjunction,16,29.109557,0.5128205128205128
23,conjunction,18,30.356394,0.41025641025641024
23,conjunction,19,29.641567,0.5128205128205128
23,conjunction,20,30.119177,0.6153846153846154
24,feature,1,23.806817,0.6923076923076923
24,feature,2,24.887812,0.7435897435897436
24,feature,3,22.142615,0.7948717948717948
24,feature,4,22.182716,0.4358974358974359
24,feature,5,21.928031,0.6410256410256411
24,feature,6,22.875763,0.6666666666666666
24,feature,7,22.927295,0.6410256410256411
24,feature,8,24.105177,0.6153846153846154
24,feature,9,21.614463,0.6923076923076923
24,feature,11,21.919212,0.6153846153846154
24,feature,12,25.110534,0.7435897435897436
24,feature,13,22.545377,0.5641025641025641
24,feature,14,25.978458,0.6666666666666666
24,feature,15,23.534621,0.717948717948718
24,feature,16,23.574786,0.7435897435897436
24,feature,17,25.572423,0.6666666666666666
24,feature,18,22.96893,0.6410256410256411
24,feature,19,21.849951,0.6923076923076923
24,feature,20,24.023186,0.717948717948718
24,conjunction,1,39.642089,0.5897435897435898
24,conjunction,2,39.865391,0.6410256410256411
24,conjunction,4,40.560057,0.48717948717948717
24,conjunction,5,41.770115,0.6153846153846154
24,conjunction,6,32.87768,0.717948717948718
24,conjunction,7,34.843118,0.48717948717948717
24,conjunction,8,34.488888,0.5897435897435898
24,conjunction,9,41.631112,0.46153846153846156
24,conjunction,10,41.482207,0.5384615384615384
24,conjunction,11,36.255143,0.5128205128205128
24,conjunction,12,36.448654,0.46153846153846156
24,conjunction,14,41.368398,0.46153846153846156
24,conjunction,15,45.37906,0.6666666666666666
24,conjunction,16,35.239445,0.5641025641025641
24,conjunction,17,36.360819,0.6666666666666666
24,conjunction,20,37.147056,0.5897435897435898
25,feature,1,34.486452,0.7948717948717948
25,feature,2,29.773238,0.7435897435897436
25,feature,3,30.09153,0.5384615384615384
25,feature,4,29.577109,0.6923076923076923
25,feature,5,40.741721,0.46153846153846156
25,feature,6,34.287128,0.6153846153846154
25,feature,7,29.639078,0.717948717948718
25,feature,8,31.433766,0.5641025641025641
25,feature,9,32.490336,0.5897435897435898
25,feature,10,33.666591,0.48717948717948717
25,feature,11,31.018516,0.6666666666666666
25,feature,12,31.767155,0.48717948717948717
25,feature,13,32.135644,0.5897435897435898
25,feature,14,28.521107,0.6923076923076923
25,feature,15,32.208091,0.6666666666666666
25,feature,16,29.482153,0.5384615384615384
25,feature,17,28.142241,0.6666666666666666
25,feature,18,26.821326,0.6666666666666666
25,feature,19,27.362579,0.717948717948718
25,feature,20,26.917429,0.5641025641025641
25,conjunction,3,44.937956,0.5897435897435898
25,conjunction,4,59.017809,0.5641025641025641
25,conjunction,5,38.386015,0.46153846153846156
25,conjunction,8,35.046462,0.5128205128205128
25,conjunction,9,34.422457,0.5384615384615384
25,conjunction,10,43.804236,0.5897435897435898
25,conjunction,11,43.679168,0.5897435897435898
25,conjunction,12,32.442578,0.717948717948718
25,conjunction,13,34.11976,0.5641025641025641
25,conjunction,14,34.816609,0.5897435897435898
25,conjunction,15,47.991049,0.4358974358974359
25,conjunction,16,30.8719,0.5641025641025641
25,conjunction,18,38.078629,0.5384615384615384
25,conjunction,19,35.968553,0.6410256410256411
25,conjunction,20,40.691351,0.6666666666666666
26,feature,1,28.867818,0.8205128205128205
26,feature,2,30.047628,0.7692307692307693
26,feature,3,25.208329,0.6923076923076923
26,feature,4,27.552903,0.7435897435897436
26,feature,5,26.824648,0.717948717948718
26,feature,6,29.631049,0.6666666666666666
26,feature,7,28.83876,0.6153846153846154
26,feature,8,27.45094,0.5641025641025641
26,feature,9,25.323454,0.6410256410256411
26,feature,10,23.462126,0.6153846153846154
26,feature,11,26.788081,0.6923076923076923
26,feature,12,25.335982,0.6666666666666666
26,feature,13,26.061606,0.7435897435897436
26,feature,14,25.308577,0.7948717948717948
26,feature,15,25.170427,0.6923076923076923
26,feature,16,20.661945,0.6666666666666666
26,feature,17,24.228055,0.6410256410256411
26,feature,18,24.076515,0.7692307692307693
26,feature,19,21.108544,0.7435897435897436
26,feature,20,28.260429,0.5384615384615384
26,conjunction,1,30.722385,0.7435897435897436
26,conjunction,2,29.749246,0.6153846153846154
26,conjunction,3,31.535674,0.5128205128205128
26,conjunction,4,27.596491,0.6666666666666666
26,conjunction,5,27.423805,0.6923076923076923
26,conjunction,6,33.121033,0.717948717948718
26,conjunction,7,32.040287,0.6153846153846154
26,conjunction,8,27.964981,0.6410256410256411
26,conjunction,9,37.342831,0.6410256410256411
26,conjunction,10,30.544149,0.717948717948718
26,conjunction,11,31.169858,0.6153846153846154
26,conjunction,12,30.397564,0.5897435897435898
26,conjunction,13,24.801378,0.5897435897435898
26,conjunction,14,33.185374,0.5641025641025641
26,conjunction,15,27.207756,0.5128205128205128
26,conjunction,16,29.5342,0.5128205128205128
26,conjunction,18,30.976411,0.4358974358974359
26,conjunction,19,32.048318,0.5641025641025641
26,conjunction,20,29.998484,0.48717948717948717
27,feature,1,32.370352,0.6923076923076923
27,feature,2,37.662756,0.6923076923076923
27,feature,3,34.791908,0.6923076923076923
27,feature,4,32.396128,0.6923076923076923
27,feature,5,30.92177,0.7435897435897436
27,feature,6,30.747303,0.5897435897435898
27,feature,7,28.414338,0.6410256410256411
27,feature,8,31.058101,0.6666666666666666
27,feature,9,30.489134,0.6666666666666666
27,feature,10,29.51125,0.5897435897435898
27,feature,11,31.981835,0.6923076923076923
27,feature,12,27.26074,0.6410256410256411
27,feature,13,31.097906,0.6410256410256411
27,feature,14,33.59747,0.6410256410256411
27,feature,15,26.929939,0.7435897435897436
27,feature,16,29.407522,0.7435897435897436
27,feature,17,30.327935,0.6666666666666666
27,feature,18,29.536018,0.717948717948718
27,feature,19,29.799318,0.6923076923076923
27,feature,20,24.933747,0.8205128205128205
27,conjunction,1,37.114925,0.5897435897435898
27,conjunction,2,35.808074,0.717948717948718
27,conjunction,3,35.856828,0.717948717948718
27,conjunction,4,40.552508,0.4358974358974359
27,conjunction,5,30.249565,0.6666666666666666
27,conjunction,6,33.011044,0.5641025641025641
27,conjunction,7,33.280957,0.5897435897435898
27,conjunction,8,36.127483,0.6410256410256411
27,conjunction,9,34.367742,0.717948717948718
27,conjunction,10,33.846088,0.5641025641025641
27,conjunction,11,36.97506,0.6410256410256411
27,conjunction,12,41.809489,0.6666666666666666
27,conjunction,13,40.408369,0.5641025641025641
27,conjunction,14,32.67228,0.6923076923076923
27,conjunction,15,33.777493,0.717948717948718
27,conjunction,16,37.299661,0.6410256410256411
27,conjunction,18,34.884884,0.717948717948718
27,conjunction,19,32.02703,0.6410256410256411
27,conjunction,20,36.453218,0.46153846153846156
28,feature,1,50.847982,0.6410256410256411
28,feature,2,47.166437,0.6410256410256411
28,feature,3,47.589414,0.6923076923076923
28,feature,4,50.677305,0.6153846153846154
28,feature,5,41.994343,0.7692307692307693
28,feature,6,45.561014,0.6410256410256411
28,feature,7,37.510911,0.6923076923076923
28,feature,8,38.928836,0.5384615384615384
28,feature,9,39.385739,0.5897435897435898
28,feature,10,33.472882,0.7435897435897436
28,feature,11,34.443453,0.6666666666666666
28,feature,12,31.809027,0.717948717948718
28,feature,13,35.018254,0.6923076923076923
28,feature,14,35.862945,0.6666666666666666
28,feature,15,30.927053,0.6410256410256411
28,feature,16,37.62413,0.46153846153846156
28,feature,17,37.060226,0.6153846153846154
28,feature,18,30.906527,0.5897435897435898
28,feature,19,36.553854,0.6666666666666666
28,feature,20,36.570251,0.7948717948717948
28,conjunction,1,53.441954,0.6153846153846154
28,conjunction,2,53.04218,0.6923076923076923
28,conjunction,3,51.640366,0.6923076923076923
28,conjunction,5,53.131319,0.6153846153846154
28,conjunction,7,48.062028,0.6666666666666666
28,conjunction,8,42.902709,0.6410256410256411
28,conjunction,9,38.841803,0.6923076923076923
28,conjunction,10,36.848034,0.7435897435897436
28,conjunction,11,46.075913,0.6410256410256411
28,conjunction,12,52.69781,0.5641025641025641
28,conjunction,14,41.24498,0.5384615384615384
28,conjunction,15,38.32057,0.6153846153846154
28,conjunction,16,43.141232,0.48717948717948717
28,conjunction,18,48.942846,0.6666666666666666
28,conjunction,19,46.438552,0.5641025641025641
29,feature,1,25.589073,0.6923076923076923
29,feature,2,27.039949,0.6923076923076923
29,feature,3,23.892227,0.717948717948718
29,feature,4,22.44757,0.7435897435897436
29,feature,5,28.144516,0.5641025641025641
29,feature,6,25.386538,0.6666666666666666
29,feature,7,24.289652,0.6410256410256411
29,feature,8,25.645692,0.7948717948717948
29,feature,9,23.15492,0.7435897435897436
29,feature,10,25.840792,0.5384615384615384
29,feature,11,25.18864,0.5897435897435898
29,feature,12,27.447346,0.5384615384615384
29,feature,13,24.776068,0.5384615384615384
29,feature,14,23.778042,0.7692307692307693
29,feature,15,24.168629,0.5641025641025641
29,feature,16,23.561557,0.6666666666666666
29,feature,17,25.840906,0.6923076923076923
29,feature,19,25.494961,0.717948717948718
29,feature,20,22.007619,0.6153846153846154
29,conjunction,1,31.584935,0.5384615384615384
29,conjunction,3,27.823369,0.5384615384615384
29,conjunction,4,27.784634,0.6153846153846154
29,conjunction,5,35.471718,0.7435897435897436
29,conjunction,6,25.793352,0.5384615384615384
29,conjunction,7,37.453655,0.6666666666666666
29,conjunction,8,31.487877,0.5641025641025641
29,conjunction,9,30.005484,0.5384615384615384
29,conjunction,10,26.461853,0.6666666666666666
29,conjunction,11,27.706442,0.5641025641025641
29,conjunction,12,25.208452,0.717948717948718
29,conjunction,13,24.383666,0.7435897435897436
29,conjunction,14,25.390468,0.5897435897435898
29,conjunction,15,26.40994,0.5897435897435898
29,conjunction,16,25.120335,0.48717948717948717
29,conjunction,17,27.315311,0.6153846153846154
29,conjunction,18,30.561751,0.5384615384615384
29,conjunction,19,28.976773,0.6410256410256411
29,conjunction,20,29.007738,0.5897435897435898
30,feature,1,39.877875,0.5128205128205128
30,feature,2,36.230317,0.6666666666666666
30,feature,3,36.022593,0.5641025641025641
30,feature,4,34.641515,0.5641025641025641
30,feature,5,34.136551,0.5641025641025641
30,feature,6,31.512263,0.7692307692307693
30,feature,7,35.902501,0.5128205128205128
30,feature,8,33.446603,0.5384615384615384
30,feature,9,36.105852,0.6923076923076923
30,feature,10,33.458188,0.5128205128205128
30,feature,11,35.296603,0.46153846153846156
30,feature,12,32.947637,0.6410256410256411
30,feature,13,36.759558,0.6666666666666666
30,feature,14,33.536763,0.6923076923076923
30,feature,15,32.62473,0.7435897435897436
30,feature,16,37.417383,0.5897435897435898
30,feature,17,33.73536,0.5897435897435898
30,feature,18,33.039411,0.7435897435897436
30,feature,19,38.893114,0.38461538461538464
30,feature,20,32.528953,0.717948717948718
30,conjunction,1,36.122801,0.6410256410256411
30,conjunction,2,36.781913,0.5384615384615384
30,conjunction,3,39.656659,0.6153846153846154
30,conjunction,4,35.760378,0.4358974358974359
30,conjunction,5,35.265339,0.5897435897435898
30,conjunction,6,30.152992,0.5384615384615384
30,conjunction,7,32.99824,0.6153846153846154
30,conjunction,8,30.856422,0.46153846153846156
30,conjunction,10,37.607409,0.46153846153846156
30,conjunction,11,31.953692,0.6923076923076923
30,conjunction,12,35.433511,0.6153846153846154
30,conjunction,13,37.830843,0.5128205128205128
30,conjunction,14,30.818495,0.6410256410256411
30,conjunction,15,33.599517,0.5897435897435898
30,conjunction,16,37.040441,0.6666666666666666
30,conjunction,17,42.087054,0.48717948717948717
30,conjunction,18,35.041195,0.48717948717948717
30,conjunction,19,36.270986,0.5641025641025641
30,conjunction,20,34.386008,0.6666666666666666
31,feature,1,29.034874,0.6410256410256411
31,feature,2,33.320232,0.6153846153846154
31,feature,3,29.87237,0.7948717948717948
31,feature,4,26.992893,0.6153846153846154
31,feature,5,30.749373,0.6153846153846154
31,feature,6,32.399054,0.6153846153846154
31,feature,7,34.026734,0.6410256410256411
31,feature,8,32.074267999999996,0.5897435897435898
31,feature,9,30.28989,0.717948717948718
31,feature,10,34.42991,0.6410256410256411
31,feature,11,31.430297,0.5384615384615384
31,feature,12,30.91012,0.7948717948717948
31,feature,13,32.08946,0.7435897435897436
31,feature,14,28.671672,0.6410256410256411
31,feature,15,29.704921,0.6923076923076923
31,feature,16,31.2499,0.6923076923076923
31,feature,17,29.896767,0.8461538461538461
31,feature,18,32.977715,0.6410256410256411
31,feature,19,28.760285,0.7435897435897436
31,feature,20,33.223478,0.5641025641025641
31,conjunction,1,56.268236,0.5897435897435898
31,conjunction,2,43.412219,0.6923076923076923
31,conjunction,4,35.846936,0.6923076923076923
31,conjunction,5,38.096379,0.6410256410256411
31,conjunction,6,37.042157,0.6153846153846154
31,conjunction,7,35.732048,0.6153846153846154
31,conjunction,8,38.80122,0.5897435897435898
31,conjunction,9,38.262938,0.6410256410256411
31,conjunction,10,33.705907,0.717948717948718
31,conjunction,11,51.771079,0.5897435897435898
31,conjunction,12,37.19447,0.6153846153846154
31,conjunction,13,50.852835,0.6666666666666666
31,conjunction,14,36.408258,0.6153846153846154
31,conjunction,15,39.608011,0.6923076923076923
31,conjunction,16,39.02873,0.6666666666666666
31,conjunction,17,35.07477,0.717948717948718
31,conjunction,18,34.979224,0.6923076923076923
31,conjunction,19,36.504819,0.6153846153846154
31,conjunction,20,32.417025,0.717948717948718
32,feature,1,20.640848,0.8205128205128205
32,feature,2,23.536273,0.6666666666666666
32,feature,3,24.165521,0.6410256410256411
32,feature,4,35.769341,0.7692307692307693
32,feature,5,22.499281,0.5641025641025641
32,feature,6,21.341307,0.8205128205128205
32,feature,7,21.897838,0.6666666666666666
32,feature,8,21.043084,0.717948717948718
32,feature,9,22.472251,0.5897435897435898
32,feature,10,24.531901,0.5641025641025641
32,feature,11,24.042692,0.6410256410256411
32,feature,12,23.374493,0.5384615384615384
32,feature,13,23.826833,0.6410256410256411
32,feature,14,28.61028,0.4358974358974359
32,feature,15,23.54648,0.5641025641025641
32,feature,16,25.180578,0.46153846153846156
32,feature,17,24.158434,0.6410256410256411
32,feature,18,25.740098,0.717948717948718
32,feature,19,26.062532,0.5128205128205128
32,conjunction,1,41.871067,0.48717948717948717
32,conjunction,3,38.758727,0.717948717948718
32,conjunction,4,48.388519,0.6153846153846154
32,conjunction,5,45.816628,0.7948717948717948
32,conjunction,7,38.648135,0.6923076923076923
32,conjunction,8,42.391006,0.717948717948718
32,conjunction,9,35.865185,0.5641025641025641
32,conjunction,10,36.475282,0.717948717948718
32,conjunction,11,32.300309,0.5641025641025641
32,conjunction,12,33.661991,0.6410256410256411
32,conjunction,13,34.423862,0.7692307692307693
32,conjunction,14,34.90331,0.5641025641025641
32,conjunction,15,33.161276,0.6666666666666666
32,conjunction,16,42.430951,0.5128205128205128
32,conjunction,17,27.483885,0.6666666666666666
32,conjunction,18,27.409256,0.5897435897435898
32,conjunction,19,28.200206,0.6410256410256411
32,conjunction,20,29.136723,0.6666666666666666
33,feature,1,22.020209,0.6666666666666666
33,feature,2,19.610399,0.6923076923076923
33,feature,3,22.727678,0.7692307692307693
33,feature,4,20.137801,0.7692307692307693
33,feature,5,22.255926,0.6153846153846154
33,feature,6,21.979226,0.6666666666666666
33,feature,7,22.913945,0.6153846153846154
33,feature,8,20.009492,0.5384615384615384
33,feature,9,19.465927,0.5897435897435898
33,feature,10,23.239839,0.6666666666666666
33,feature,11,23.547617,0.6923076923076923
33,feature,12,23.535024,0.6923076923076923
33,feature,13,21.846932,0.6923076923076923
33,feature,14,24.471744,0.6666666666666666
33,feature,15,23.937423,0.6923076923076923
33,feature,16,22.217542,0.5641025641025641
33,feature,17,22.870425,0.6410256410256411
33,feature,18,21.600204,0.6666666666666666
33,feature,19,20.598615,0.6666666666666666
33,feature,20,26.113236,0.5384615384615384
33,conjunction,2,31.39818,0.5897435897435898
33,conjunction,3,31.945942,0.5384615384615384
33,conjunction,4,30.314894,0.7435897435897436
33,conjunction,5,29.712221,0.48717948717948717
33,conjunction,6,30.734548,0.4358974358974359
33,conjunction,7,29.757131,0.46153846153846156
33,conjunction,8,28.233848,0.48717948717948717
33,conjunction,9,30.946529,0.5128205128205128
33,conjunction,10,31.187686,0.5641025641025641
33,conjunction,11,30.675546,0.48717948717948717
33,conjunction,12,27.307073,0.6410256410256411
33,conjunction,14,27.593167,0.6923076923076923
33,conjunction,15,31.469022,0.48717948717948717
33,conjunction,17,29.271102,0.717948717948718
33,conjunction,19,31.228966,0.6410256410256411
33,conjunction,20,32.90119,0.4358974358974359
34,feature,1,32.14169,0.41025641025641024
34,feature,2,28.632917,0.46153846153846156
34,feature,3,27.943276,0.46153846153846156
34,feature,4,26.162138,0.5384615384615384
34,feature,5,27.738479,0.5128205128205128
34,feature,6,27.182824,0.5384615384615384
34,feature,7,32.399194,0.46153846153846156
34,feature,8,30.104688,0.5384615384615384
34,feature,9,28.019533,0.6153846153846154
34,feature,10,31.887267,0.5128205128205128
34,feature,11,27.962846,0.46153846153846156
34,feature,12,27.338857,0.5384615384615384
34,feature,13,26.057211,0.48717948717948717
34,feature,14,27.808027,0.5128205128205128
34,feature,15,30.200753,0.46153846153846156
34,feature,16,27.295896,0.5897435897435898
34,feature,17,26.968905,0.5128205128205128
34,feature,18,27.325655,0.5384615384615384
34,feature,19,24.479905,0.4358974358974359
34,feature,20,24.920831,0.5897435897435898
34,conjunction,1,43.133464,0.5128205128205128
34,conjunction,2,55.976101,0.6153846153846154
34,conjunction,3,46.231168,0.4358974358974359
34,conjunction,4,47.021698,0.48717948717948717
34,conjunction,5,44.118785,0.5384615384615384
34,conjunction,6,40.609384,0.38461538461538464
34,conjunction,7,41.15774,0.48717948717948717
34,conjunction,8,37.875288,0.5897435897435898
34,conjunction,9,38.130206,0.5897435897435898
34,conjunction,10,36.800298,0.38461538461538464
34,conjunction,11,34.512223,0.5384615384615384
34,conjunction,12,35.703031,0.46153846153846156
34,conjunction,13,49.253826,0.5641025641025641
34,conjunction,14,38.651474,0.48717948717948717
34,conjunction,15,35.44986,0.5128205128205128
34,conjunction,16,37.569098,0.6153846153846154
34,conjunction,17,32.891755,0.6410256410256411
34,conjunction,18,32.712512,0.46153846153846156
34,conjunction,19,32.853257,0.48717948717948717
34,conjunction,20,42.077668,0.46153846153846156
35,feature,1,35.873759,0.358974358974359
35,feature,2,42.389154,0.23076923076923078
35,feature,4,38.978414,0.38461538461538464
35,feature,5,35.549108,0.4358974358974359
35,feature,6,30.057279,0.15384615384615385
35,feature,7,28.948123,0.3333333333333333
35,feature,8,49.590875,0.358974358974359
35,feature,9,34.91071,0.6410256410256411
35,feature,10,31.134202,0.6153846153846154
35,feature,11,24.798827,0.6153846153846154
35,feature,12,26.584561,0.5897435897435898
35,feature,13,28.5607,0.6153846153846154
35,feature,14,26.038088,0.6410256410256411
35,feature,15,27.516027,0.5384615384615384
35,feature,16,32.017981,0.6153846153846154
35,feature,17,31.630455,0.46153846153846156
35,feature,18,28.303408,0.6410256410256411
35,feature,19,25.025377,0.6410256410256411
35,feature,20,31.320724,0.41025641025641024
35,conjunction,2,59.807214,0.3333333333333333
35,conjunction,3,58.004201,0.28205128205128205
35,conjunction,4,49.758540000000004,0.48717948717948717
35,conjunction,5,50.106552,0.3333333333333333
35,conjunction,7,51.21637,0.4358974358974359
35,conjunction,8,43.146689,0.358974358974359
35,conjunction,9,40.136891,0.4358974358974359
35,conjunction,10,43.186592,0.3076923076923077
35,conjunction,14,43.730131,0.41025641025641024
35,conjunction,20,43.414308,0.3333333333333333
36,feature,1,22.130058,0.7948717948717948
36,feature,2,23.4578,0.6153846153846154
36,feature,3,21.99927,0.8205128205128205
36,feature,4,23.951192,0.7435897435897436
36,feature,5,22.194396,0.5897435897435898
36,feature,6,23.254241,0.6410256410256411
36,feature,7,22.950293,0.6410256410256411
36,feature,8,23.090109000000002,0.7435897435897436
36,feature,9,21.863492,0.717948717948718
36,feature,10,21.205161,0.717948717948718
36,feature,11,25.023332,0.7435897435897436
36,feature,12,22.086849,0.7435897435897436
36,feature,13,23.243102,0.6923076923076923
36,feature,14,24.946131,0.6410256410256411
36,feature,15,25.452597,0.6153846153846154
36,feature,16,25.310684,0.717948717948718
36,feature,17,25.083984,0.6923076923076923
36,feature,18,25.409498,0.7948717948717948
36,feature,19,25.137748,0.6410256410256411
36,feature,20,24.440149,0.717948717948718
36,conjunction,2,29.897112,0.7692307692307693
36,conjunction,4,29.780512,0.5897435897435898
36,conjunction,5,33.97345,0.6410256410256411
36,conjunction,6,31.254753,0.6153846153846154
36,conjunction,7,30.309852,0.6666666666666666
36,conjunction,9,30.930477,0.5897435897435898
36,conjunction,10,36.208515,0.6666666666666666
36,conjunction,11,32.287433,0.5897435897435898
36,conjunction,12,26.555213,0.6666666666666666
36,conjunction,13,31.513775,0.6410256410256411
36,conjunction,14,29.566033,0.6153846153846154
36,conjunction,15,28.673649,0.717948717948718
36,conjunction,16,30.84199,0.6153846153846154
36,conjunction,17,27.661932,0.48717948717948717
36,conjunction,18,30.658525,0.5641025641025641
36,conjunction,19,29.54453,0.7692307692307693
36,conjunction,20,33.898688,0.5897435897435898
37,feature,1,23.636337,0.5897435897435898
37,feature,2,21.745452,0.717948717948718
37,feature,3,23.508006,0.7435897435897436
37,feature,4,23.834554,0.6666666666666666
37,feature,5,25.224406,0.7948717948717948
37,feature,6,27.048558,0.6923076923076923
37,feature,7,26.289141,0.8205128205128205
37,feature,8,25.623633,0.7692307692307693
37,feature,9,25.940005,0.8461538461538461
37,feature,10,25.172321,0.7948717948717948
37,feature,11,23.454556,0.6666666666666666
37,feature,12,26.552096,0.6923076923076923
37,feature,13,23.003221,0.7435897435897436
37,feature,14,27.739361,0.6666666666666666
37,feature,15,25.490478,0.6410256410256411
37,feature,16,26.848132,0.6923076923076923
37,feature,17,25.311241,0.6666666666666666
37,feature,18,25.038373,0.717948717948718
37,feature,19,25.130818,0.717948717948718
37,feature,20,27.010167,0.5384615384615384
37,conjunction,1,57.043129,0.5897435897435898
37,conjunction,2,39.106924,0.5897435897435898
37,conjunction,3,40.626036,0.6666666666666666
37,conjunction,4,41.423566,0.6153846153846154
37,conjunction,5,34.696839,0.6153846153846154
37,conjunction,6,49.961652,0.6410256410256411
37,conjunction,7,33.798339,0.8205128205128205
37,conjunction,8,28.126598,0.6666666666666666
37,conjunction,9,32.921611,0.5897435897435898
37,conjunction,10,38.827853,0.5641025641025641
37,conjunction,11,44.873015,0.6410256410256411
37,conjunction,12,38.552727,0.5897435897435898
37,conjunction,13,35.711266,0.5128205128205128
37,conjunction,14,37.140567,0.6666666666666666
37,conjunction,15,33.857202,0.5128205128205128
37,conjunction,16,26.600455,0.5897435897435898
37,conjunction,17,32.0571,0.5641025641025641
37,conjunction,18,35.098282,0.5897435897435898
37,conjunction,19,36.776302,0.6153846153846154
37,conjunction,20,30.564225,0.5897435897435898
38,feature,1,25.227455,0.6410256410256411
38,feature,2,24.828288,0.7692307692307693
38,feature,3,25.075283,0.6923076923076923
38,feature,4,24.013005,0.7948717948717948
38,feature,5,24.642496,0.717948717948718
38,feature,6,24.774125,0.8205128205128205
38,feature,7,27.002377,0.8974358974358975
38,feature,8,24.219171,0.6153846153846154
38,feature,9,22.150921,0.7435897435897436
38,feature,10,23.489778,0.7435897435897436
38,feature,11,22.504326,0.8205128205128205
38,feature,12,23.010508,0.7948717948717948
38,feature,13,22.719136,0.7692307692307693
38,feature,14,22.026523,0.9743589743589743
38,feature,15,21.410524,0.8205128205128205
38,feature,16,21.663384,0.7692307692307693
38,feature,17,22.484592,0.7692307692307693
38,feature,18,21.70855,0.7948717948717948
38,feature,19,20.305122,0.5897435897435898
38,feature,20,19.880531,0.6923076923076923
38,conjunction,1,28.970081,0.38461538461538464
38,conjunction,2,25.366203,0.5641025641025641
38,conjunction,3,33.521506,0.6153846153846154
38,conjunction,4,31.47379,0.5641025641025641
38,conjunction,5,25.987101,0.6666666666666666
38,conjunction,6,27.489335,0.5897435897435898
38,conjunction,7,30.375617,0.6666666666666666
38,conjunction,9,27.464711,0.6923076923076923
38,conjunction,10,28.02984,0.7435897435897436
38,conjunction,11,25.94192,0.6410256410256411
38,conjunction,13,31.087948,0.6153846153846154
38,conjunction,14,26.603428,0.7692307692307693
38,conjunction,15,25.492389,0.5897435897435898
38,conjunction,16,23.593334,0.5641025641025641
38,conjunction,17,24.916607,0.717948717948718
38,conjunction,18,24.335281,0.6666666666666666
38,conjunction,19,24.838676,0.6153846153846154
38,conjunction,20,25.162643,0.6153846153846154
39,feature,1,44.508123,0.8717948717948718
39,feature,2,32.238127,0.7435897435897436
39,feature,3,31.626162,0.6666666666666666
39,feature,4,38.305923,0.6410256410256411
39,feature,5,33.033885,0.7948717948717948
39,feature,6,30.408652,0.6666666666666666
39,feature,7,33.864305,0.6666666666666666
39,feature,8,34.38789,0.7948717948717948
39,feature,9,28.754044,0.717948717948718
39,feature,10,23.704653,0.717948717948718
39,feature,11,25.185087,0.717948717948718
39,feature,12,25.59016,0.7692307692307693
39,feature,13,27.730787,0.7435897435897436
39,feature,14,28.337594,0.7948717948717948
39,feature,15,31.134946,0.6923076923076923
39,feature,16,29.005451,0.6923076923076923
39,feature,17,30.509438,0.5384615384615384
39,feature,19,26.081948,0.7692307692307693
39,feature,20,28.407007,0.6666666666666666
39,conjunction,1,35.89268,0.6666666666666666
39,conjunction,2,26.544829,0.5128205128205128
39,conjunction,3,27.755442,0.6410256410256411
39,conjunction,4,31.665991000000002,0.5897435897435898
39,conjunction,5,29.900695,0.6410256410256411
39,conjunction,6,27.77478,0.6923076923076923
39,conjunction,7,30.240602,0.5641025641025641
39,conjunction,8,33.116708,0.5641025641025641
39,conjunction,9,27.938304,0.6410256410256411
39,conjunction,10,32.50532,0.6153846153846154
39,conjunction,11,32.872668,0.5384615384615384
39,conjunction,12,34.402481,0.5384615384615384
39,conjunction,13,31.521049,0.46153846153846156
39,conjunction,14,31.066774,0.6666666666666666
39,conjunction,15,29.830847,0.48717948717948717
39,conjunction,16,30.797847,0.5897435897435898
39,conjunction,17,30.097092,0.6410256410256411
39,conjunction,18,32.401337,0.6410256410256411
39,conjunction,19,25.735775,0.6153846153846154
39,conjunction,20,32.495741,0.5128205128205128
40,feature,1,30.944327,0.6923076923076923
40,feature,2,28.564389,0.6923076923076923
40,feature,3,30.567872,0.6410256410256411
40,feature,4,28.803847,0.717948717948718
40,feature,5,27.955655,0.7692307692307693
40,feature,7,27.365045,0.7435897435897436
40,feature,8,27.008166,0.6410256410256411
40,feature,9,25.408088,0.717948717948718
40,feature,10,27.885974,0.717948717948718
40,feature,11,27.901282,0.6923076923076923
40,feature,12,27.934185,0.5897435897435898
40,feature,13,26.636448,0.6153846153846154
40,feature,14,27.02575,0.6410256410256411
40,feature,15,23.48092,0.6666666666666666
40,feature,16,25.521071,0.5641025641025641
40,feature,17,26.307458,0.6923076923076923
40,feature,18,26.000613,0.6666666666666666
40,feature,19,27.039278,0.6923076923076923
40,feature,20,41.180455,0.717948717948718
40,conjunction,1,30.939545,0.5897435897435898
40,conjunction,2,29.638571,0.5897435897435898
40,conjunction,3,29.500687,0.6410256410256411
40,conjunction,4,27.326495,0.6666666666666666
40,conjunction,5,28.935929,0.5128205128205128
40,conjunction,6,28.336423,0.5897435897435898
40,conjunction,7,28.493404,0.5897435897435898
40,conjunction,8,28.944735,0.5384615384615384
40,conjunction,9,25.811238,0.6666666666666666
40,conjunction,11,27.496583,0.5128205128205128
40,conjunction,12,25.297566,0.6923076923076923
40,conjunction,13,28.531268,0.6410256410256411
40,conjunction,14,28.305677,0.5641025641025641
40,conjunction,15,30.24765,0.5128205128205128
40,conjunction,16,30.727392,0.5641025641025641
40,conjunction,17,26.547079,0.6666666666666666
40,conjunction,18,29.813444,0.6153846153846154
40,conjunction,19,29.161943,0.5897435897435898
40,conjunction,20,27.22432,0.6410256410256411
41,feature,1,38.45665,0.5897435897435898
41,feature,2,36.337046,0.5897435897435898
41,feature,3,45.683991,0.717948717948718
41,feature,4,36.939186,0.5897435897435898
41,feature,5,39.182877,0.6923076923076923
41,feature,6,36.445671,0.5641025641025641
41,feature,7,35.913286,0.5128205128205128
41,feature,8,35.573106,0.6410256410256411
41,feature,9,32.613699,0.6410256410256411
41,feature,10,31.368971,0.6666666666666666
41,feature,11,30.059766,0.5897435897435898
41,feature,12,29.943607,0.6410256410256411
41,feature,13,28.435269,0.8205128205128205
41,feature,14,30.255554,0.7948717948717948
41,feature,15,29.295734,0.7435897435897436
41,feature,16,35.160192,0.6666666666666666
41,feature,17,28.214534,0.48717948717948717
41,feature,18,35.39428,0.717948717948718
41,feature,19,30.21305,0.6923076923076923
41,feature,20,29.414879,0.6923076923076923
41,conjunction,1,37.745399,0.6666666666666666
41,conjunction,2,40.612373,0.5641025641025641
41,conjunction,3,41.50479,0.5384615384615384
41,conjunction,4,38.27341,0.6153846153846154
41,conjunction,5,38.272901,0.5128205128205128
41,conjunction,6,35.895987,0.5128205128205128
41,conjunction,7,33.968425,0.5384615384615384
41,conjunction,8,38.538009,0.6153846153846154
41,conjunction,9,29.668879,0.5641025641025641
41,conjunction,10,35.345699,0.48717948717948717
41,conjunction,11,35.964209,0.6923076923076923
41,conjunction,12,58.272346,0.6410256410256411
41,conjunction,13,36.040995,0.6923076923076923
41,conjunction,14,35.115974,0.48717948717948717
41,conjunction,15,36.858059,0.5641025641025641
41,conjunction,16,32.824149,0.5128205128205128
41,conjunction,17,29.982703,0.6923076923076923
41,conjunction,18,30.727178,0.6410256410256411
41,conjunction,20,34.144807,0.5897435897435898
42,feature,1,22.882146,0.6410256410256411
42,feature,2,21.472272,0.6153846153846154
42,feature,3,24.834946,0.5128205128205128
42,feature,4,24.327563,0.6410256410256411
42,feature,5,25.106338,0.5384615384615384
42,feature,6,23.599781,0.5384615384615384
42,feature,7,26.672151,0.7692307692307693
42,feature,8,22.753523,0.6153846153846154
42,feature,9,21.183664,0.5641025641025641
42,feature,10,19.889819,0.6923076923076923
42,feature,11,21.078051,0.6666666666666666
42,feature,12,20.641022,0.7435897435897436
42,feature,13,23.686872,0.6410256410256411
42,feature,15,20.522731,0.6923076923076923
42,feature,16,22.118634,0.6410256410256411
42,feature,17,21.642225,0.5384615384615384
42,feature,18,27.789481,0.48717948717948717
42,feature,19,22.059062,0.6666666666666666
42,conjunction,1,35.979193,0.46153846153846156
42,conjunction,2,33.625409,0.4358974358974359
42,conjunction,3,34.255771,0.5897435897435898
42,conjunction,4,30.265019,0.5897435897435898
42,conjunction,5,32.564891,0.6923076923076923
42,conjunction,6,29.47831,0.6410256410256411
42,conjunction,7,28.215673,0.5128205128205128
42,conjunction,8,31.716489,0.6666666666666666
42,conjunction,9,38.010687,0.5641025641025641
42,conjunction,11,32.292724,0.48717948717948717
42,conjunction,12,31.713142,0.48717948717948717
42,conjunction,13,32.158198,0.5897435897435898
42,conjunction,14,32.765592,0.5641025641025641
42,conjunction,15,30.094207,0.5641025641025641
42,conjunction,16,26.615561,0.5641025641025641
42,conjunction,17,29.547991,0.5128205128205128
42,conjunction,18,28.934285,0.5897435897435898
42,conjunction,19,30.275466,0.5128205128205128
42,conjunction,20,31.283858,0.7435897435897436
43,feature,1,26.849407,0.717948717948718
43,feature,2,24.553403,0.6923076923076923
43,feature,3,24.754789,0.6923076923076923
43,feature,4,32.041203,0.8205128205128205
43,feature,5,35.157364,0.6153846153846154
43,feature,6,25.154129,0.6666666666666666
43,feature,7,23.400689,0.7692307692307693
43,feature,8,29.194162,0.8461538461538461
43,feature,9,32.116808,0.6666666666666666
43,feature,10,33.818781,0.717948717948718
43,feature,11,30.364085,0.6923076923076923
43,feature,12,33.587801,0.5897435897435898
43,feature,13,32.465286,0.7435897435897436
43,feature,14,30.836448,0.6666666666666666
43,feature,15,30.745005,0.6410256410256411
43,feature,16,24.155842,0.6666666666666666
43,feature,17,23.329534,0.5897435897435898
43,feature,18,26.744748,0.6666666666666666
43,feature,19,25.01217,0.7692307692307693
43,feature,20,31.583458,0.7692307692307693
43,conjunction,1,47.115743,0.6153846153846154
43,conjunction,2,44.65472,0.6153846153846154
43,conjunction,3,43.893435,0.5641025641025641
43,conjunction,4,38.840775,0.5641025641025641
43,conjunction,5,42.41937,0.5128205128205128
43,conjunction,6,38.667831,0.5384615384615384
43,conjunction,7,32.656515,0.6923076923076923
43,conjunction,8,33.032368,0.6153846153846154
43,conjunction,9,37.775458,0.6153846153846154
43,conjunction,10,32.576977,0.6923076923076923
43,conjunction,11,33.006251,0.7435897435897436
43,conjunction,12,34.836749,0.7948717948717948
43,conjunction,13,33.105589,0.5128205128205128
43,conjunction,14,32.362165,0.5128205128205128
43,conjunction,15,33.383472,0.6923076923076923
43,conjunction,16,42.892647,0.6153846153846154
43,conjunction,17,36.520128,0.717948717948718
43,conjunction,18,35.513496,0.6666666666666666
43,conjunction,19,33.814459,0.5641025641025641
43,conjunction,20,30.92107,0.717948717948718
44,feature,1,38.676594,0.717948717948718
44,feature,2,35.283716,0.717948717948718
44,feature,3,35.072314,0.5641025641025641
44,feature,4,39.367995,0.6410256410256411
44,feature,5,38.121341,0.717948717948718
44,feature,6,38.544861,0.6153846153846154
44,feature,7,33.937266,0.5897435897435898
44,feature,8,34.575547,0.8205128205128205
44,feature,9,36.960317,0.7435897435897436
44,feature,10,34.24663,0.5641025641025641
44,feature,11,35.152566,0.6153846153846154
44,feature,12,37.802303,0.5641025641025641
44,feature,13,34.487692,0.6153846153846154
44,feature,14,31.669369,0.6923076923076923
44,feature,15,34.249924,0.5641025641025641
44,feature,16,32.993048,0.6666666666666666
44,feature,17,36.826358,0.48717948717948717
44,feature,18,38.530447,0.5897435897435898
44,feature,19,32.051347,0.6923076923076923
44,conjunction,1,49.144568,0.4358974358974359
44,conjunction,2,46.536668,0.5897435897435898
44,conjunction,3,43.55715,0.5897435897435898
44,conjunction,5,41.08226,0.717948717948718
44,conjunction,6,43.505997,0.6666666666666666
44,conjunction,7,43.584405,0.46153846153846156
44,conjunction,8,43.838688,0.6153846153846154
44,conjunction,9,38.302635,0.5641025641025641
44,conjunction,10,51.767546,0.46153846153846156
44,conjunction,11,37.038014,0.5641025641025641
44,conjunction,12,35.538041,0.6923076923076923
44,conjunction,13,58.559957,0.48717948717948717
44,conjunction,14,36.536944,0.6923076923076923
44,conjunction,15,40.677357,0.5384615384615384
44,conjunction,16,44.02154,0.6153846153846154
44,conjunction,17,41.359105,0.5384615384615384
44,conjunction,18,44.955712,0.46153846153846156
44,conjunction,19,40.40561,0.6153846153846154
44,conjunction,20,38.971597,0.6153846153846154
45,feature,1,27.29254,0.5641025641025641
45,feature,2,32.94904,0.5128205128205128
45,feature,4,29.847334,0.6153846153846154
45,feature,5,26.670923,0.5897435897435898
45,feature,6,24.430604,0.5384615384615384
45,feature,7,26.505361,0.6153846153846154
45,feature,8,36.621338,0.4358974358974359
45,feature,9,30.329944,0.48717948717948717
45,feature,10,30.135603,0.48717948717948717
45,feature,11,33.523832,0.5128205128205128
45,feature,12,35.573873,0.5128205128205128
45,feature,13,29.798495,0.5128205128205128
45,feature,14,34.659414,0.5384615384615384
45,feature,15,38.75874,0.6666666666666666
45,feature,16,36.331693,0.5128205128205128
45,feature,17,37.551544,0.5384615384615384
45,feature,18,31.976837,0.5384615384615384
45,feature,19,31.959515,0.6666666666666666
45,feature,20,28.789374,0.5897435897435898
45,conjunction,3,54.302072,0.48717948717948717
45,conjunction,4,57.084657,0.41025641025641024
45,conjunction,11,58.738323,0.4358974358974359
45,conjunction,12,49.707297,0.5641025641025641
45,conjunction,13,58.553673,0.46153846153846156
45,conjunction,14,56.224058,0.5384615384615384
46,feature,1,22.220787,0.7692307692307693
46,feature,2,21.229997,0.717948717948718
46,feature,3,23.053861,0.6666666666666666
46,feature,4,25.101701,0.7435897435897436
46,feature,5,24.405104,0.8205128205128205
46,feature,6,25.116592,0.6923076923076923
46,feature,7,24.234276,0.5897435897435898
46,feature,8,23.688472,0.6666666666666666
46,feature,9,25.094489,0.6410256410256411
46,feature,10,23.342208,0.6153846153846154
46,feature,11,28.481495,0.6923076923076923
46,feature,12,21.286786,0.6923076923076923
46,feature,13,23.738256,0.5384615384615384
46,feature,14,24.279981,0.7692307692307693
46,feature,15,22.728653,0.6923076923076923
46,feature,16,21.209003,0.717948717948718
46,feature,17,24.470208,0.6666666666666666
46,feature,18,22.95561,0.5897435897435898
46,feature,19,24.361654,0.5641025641025641
46,feature,20,24.309879,0.7435897435897436
46,conjunction,1,39.75742,0.5897435897435898
46,conjunction,2,32.975097,0.6666666666666666
46,conjunction,3,35.200902,0.48717948717948717
46,conjunction,4,46.641604,0.717948717948718
46,conjunction,5,37.887225,0.6410256410256411
46,conjunction,7,35.806957,0.41025641025641024
46,conjunction,8,40.167861,0.5897435897435898
46,conjunction,9,32.031458,0.5128205128205128
46,conjunction,10,28.960951,0.5384615384615384
46,conjunction,11,26.184627,0.5897435897435898
46,conjunction,12,50.182762,0.6410256410256411
46,conjunction,13,33.646905,0.5897435897435898
46,conjunction,15,30.744456,0.717948717948718
46,conjunction,16,27.236225,0.6923076923076923
46,conjunction,17,31.735656,0.717948717948718
46,conjunction,18,32.960835,0.6923076923076923
46,conjunction,19,37.145553,0.6410256410256411
46,conjunction,20,44.061958,0.5897435897435898
47,feature,1,36.525984,0.6923076923076923
47,feature,2,28.181484,0.6666666666666666
47,feature,3,38.892681,0.6410256410256411
47,feature,4,31.696537,0.6923076923076923
47,feature,5,30.162127,0.5897435897435898
47,feature,6,31.654917,0.5897435897435898
47,feature,7,31.904109,0.6153846153846154
47,feature,8,32.01621,0.5128205128205128
47,feature,10,31.897412,0.6153846153846154
47,feature,11,31.264161,0.6923076923076923
47,feature,12,34.324742,0.6410256410256411
47,feature,13,35.646821,0.6153846153846154
47,feature,14,30.97826,0.6153846153846154
47,feature,15,30.761502,0.6410256410256411
47,feature,16,33.518123,0.5641025641025641
47,feature,17,31.960279,0.6153846153846154
47,feature,18,28.574216,0.5897435897435898
47,feature,19,32.695698,0.6666666666666666
47,feature,20,32.792778,0.7435897435897436
47,conjunction,1,53.258321,0.5384615384615384
47,conjunction,6,37.091879,0.46153846153846156
47,conjunction,8,42.881473,0.5384615384615384
47,conjunction,10,37.724117,0.7435897435897436
47,conjunction,12,39.807258,0.5897435897435898
47,conjunction,16,35.363406,0.5641025641025641
47,conjunction,17,35.233682,0.717948717948718
48,feature,1,26.323235,0.6410256410256411
48,feature,2,26.702078,0.6666666666666666
48,feature,3,24.960422,0.6666666666666666
48,feature,4,25.582243,0.7435897435897436
48,feature,5,27.484498,0.6923076923076923
48,feature,6,25.32176,0.7435897435897436
48,feature,7,24.851485,0.717948717948718
48,feature,8,24.484072,0.7435897435897436
48,feature,9,28.943521,0.5641025641025641
48,feature,10,27.330611,0.717948717948718
48,feature,11,27.122777,0.5384615384615384
48,feature,12,27.147882,0.5897435897435898
48,feature,13,23.815032,0.717948717948718
48,feature,14,26.601509,0.5897435897435898
48,feature,15,25.312989,0.5897435897435898
48,feature,16,23.342895,0.6666666666666666
48,feature,17,26.920173,0.7692307692307693
48,feature,18,26.802527,0.5384615384615384
48,feature,19,25.44225,0.717948717948718
48,feature,20,24.972956,0.717948717948718
48,conjunction,1,38.238929,0.6153846153846154
48,conjunction,2,35.884905,0.6410256410256411
48,conjunction,3,37.878006,0.48717948717948717
48,conjunction,4,40.258403,0.6410256410256411
48,conjunction,6,38.935927,0.5897435897435898
48,conjunction,7,34.618167,0.6153846153846154
48,conjunction,8,33.373813,0.717948717948718
48,conjunction,9,37.612387,0.6153846153846154
48,conjunction,10,33.297485,0.6153846153846154
48,conjunction,11,31.30969,0.5128205128205128
48,conjunction,12,31.483584,0.5384615384615384
48,conjunction,13,31.234422,0.5897435897435898
48,conjunction,14,34.279052,0.6153846153846154
48,conjunction,15,32.609756,0.5384615384615384
48,conjunction,16,32.427495,0.6666666666666666
48,conjunction,17,36.365892,0.5641025641025641
48,conjunction,18,30.665598,0.5897435897435898
48,conjunction,19,30.950709,0.6923076923076923
48,conjunction,20,28.954222,0.6410256410256411
49,feature,1,23.643717,0.6923076923076923
49,feature,2,25.783539,0.7948717948717948
49,feature,3,22.913068,0.6153846153846154
49,feature,4,23.470934,0.7435897435897436
49,feature,5,22.480403,0.6923076923076923
49,feature,6,22.68208,0.6666666666666666
49,feature,7,23.976392,0.7435897435897436
49,feature,8,23.760332,0.717948717948718
49,feature,9,21.134319,0.7692307692307693
49,feature,10,23.197888,0.6666666666666666
49,feature,11,20.321917,0.6666666666666666
49,feature,12,22.613964,0.7692307692307693
49,feature,13,22.419509,0.6923076923076923
49,feature,14,22.510254,0.7435897435897436
49,feature,15,22.582714,0.6666666666666666
49,feature,16,22.582218,0.5897435897435898
49,feature,17,20.901494,0.7692307692307693
49,feature,18,24.031952,0.6410256410256411
49,feature,19,21.456251,0.6923076923076923
49,feature,20,21.338371,0.6410256410256411
49,conjunction,1,40.597542,0.6666666666666666
49,conjunction,2,46.638196,0.4358974358974359
49,conjunction,3,36.734457,0.717948717948718
49,conjunction,4,35.036781,0.5897435897435898
49,conjunction,5,33.727,0.5641025641025641
49,conjunction,6,33.585663,0.5384615384615384
49,conjunction,7,38.998888,0.6410256410256411
49,conjunction,8,31.456043,0.5128205128205128
49,conjunction,9,36.024626,0.38461538461538464
49,conjunction,10,31.862547,0.7435897435897436
49,conjunction,11,30.379142,0.6666666666666666
49,conjunction,12,34.098759,0.5641025641025641
49,conjunction,13,38.38628,0.6410256410256411
49,conjunction,14,33.031732,0.5641025641025641
49,conjunction,15,35.135638,0.6153846153846154
49,conjunction,16,35.452795,0.6153846153846154
49,conjunction,17,29.717445,0.5897435897435898
49,conjunction,18,33.229328,0.6410256410256411
49,conjunction,19,32.565758,0.5641025641025641
49,conjunction,20,34.367985,0.5641025641025641
50,feature,1,24.776493,0.6923076923076923
50,feature,2,20.92929,0.8205128205128205
50,feature,3,21.857021,0.5897435897435898
50,feature,4,25.801641,0.6666666666666666
50,feature,5,26.090198,0.6923076923076923
50,feature,6,21.064286,0.7435897435897436
50,feature,7,20.732079,0.7435897435897436
50,feature,8,26.036217,0.5641025641025641
50,feature,9,23.944835,0.6410256410256411
50,feature,10,24.899555,0.7692307692307693
50,feature,11,24.661303,0.7435897435897436
50,feature,12,23.044,0.6410256410256411
50,feature,13,27.489208,0.6666666666666666
50,feature,14,23.989335,0.7435897435897436
50,feature,15,23.874359,0.7435897435897436
50,feature,16,23.027023,0.6153846153846154
50,feature,17,25.66803,0.6923076923076923
50,feature,18,20.27437,0.9230769230769231
50,feature,19,21.380793,0.7692307692307693
50,feature,20,28.427458,0.7435897435897436
50,conjunction,1,45.139883,0.48717948717948717
50,conjunction,2,43.039492,0.6153846153846154
50,conjunction,3,40.041578,0.6666666666666666
50,conjunction,4,40.884732,0.6923076923076923
50,conjunction,5,36.601022,0.4358974358974359
50,conjunction,6,31.318321,0.7692307692307693
50,conjunction,7,32.22495,0.48717948717948717
50,conjunction,8,35.440216,0.5897435897435898
50,conjunction,9,33.514595,0.5384615384615384
50,conjunction,10,40.719436,0.5128205128205128
50,conjunction,11,37.41593,0.5641025641025641
50,conjunction,12,43.553307,0.5641025641025641
50,conjunction,13,36.178793,0.46153846153846156
50,conjunction,15,38.174998,0.6666666666666666
50,conjunction,16,37.921867,0.6923076923076923
50,conjunction,18,29.122486,0.717948717948718
50,conjunction,19,32.994225,0.38461538461538464
50,conjunction,20,28.117884,0.6923076923076923
51,feature,1,31.053821,0.7692307692307693
51,feature,2,28.277933,0.717948717948718
51,feature,3,33.327431,0.5897435897435898
51,feature,4,29.239899,0.6410256410256411
51,feature,5,29.916464,0.6153846153846154
51,feature,6,28.208102,0.7692307692307693
51,feature,7,29.294001,0.6153846153846154
51,feature,8,35.545314,0.6410256410256411
51,feature,9,27.48608,0.7435897435897436
51,feature,10,29.69945,0.6153846153846154
51,feature,11,28.004103,0.8461538461538461
51,feature,12,26.484157,0.7435897435897436
51,feature,13,24.961567,0.7435897435897436
51,feature,14,25.040264,0.7435897435897436
51,feature,15,30.57261,0.5641025641025641
51,feature,16,26.175806,0.717948717948718
51,feature,17,28.651815,0.5384615384615384
51,feature,18,27.020718,0.6153846153846154
51,feature,19,26.703947,0.6923076923076923
51,feature,20,25.953872,0.5897435897435898
51,conjunction,1,31.165023,0.5897435897435898
51,conjunction,2,30.920132,0.5641025641025641
51,conjunction,3,32.419843,0.6923076923076923
51,conjunction,4,30.439772,0.5128205128205128
51,conjunction,5,32.293883,0.5641025641025641
51,conjunction,6,28.399783,0.6666666666666666
51,conjunction,7,30.072201,0.6153846153846154
51,conjunction,8,32.586485,0.4358974358974359
51,conjunction,9,31.463226,0.5384615384615384
51,conjunction,10,26.331822,0.6153846153846154
51,conjunction,11,30.345861,0.5384615384615384
51,conjunction,12,34.142101,0.6153846153846154
51,conjunction,13,31.562095,0.5897435897435898
51,conjunction,14,30.513591,0.5384615384615384
51,conjunction,15,28.513396,0.5128205128205128
51,conjunction,16,29.28011,0.5128205128205128
51,conjunction,17,29.207606,0.6923076923076923
51,conjunction,18,28.457267,0.4358974358974359
51,conjunction,19,28.377049,0.717948717948718
51,conjunction,20,28.513395,0.5641025641025641
52,feature,1,24.118453,0.6153846153846154
52,feature,2,24.479642,0.7435897435897436
52,feature,3,23.111031,0.7435897435897436
52,feature,4,22.172085,0.7948717948717948
52,feature,5,23.366467,0.6666666666666666
52,feature,6,23.615248,0.6923076923076923
52,feature,7,22.825866,0.7948717948717948
52,feature,8,22.977407,0.6153846153846154
52,feature,9,22.607508,0.7435897435897436
52,feature,10,20.839353,0.8205128205128205
52,feature,11,20.554061,0.6923076923076923
52,feature,12,21.213477,0.6153846153846154
52,feature,13,21.93691,0.8205128205128205
52,feature,14,21.950691,0.7692307692307693
52,feature,15,19.743217,0.6153846153846154
52,feature,16,25.93615,0.6153846153846154
52,feature,17,21.118343,0.717948717948718
52,feature,18,21.640499,0.7435897435897436
52,feature,19,20.333615000000002,0.7692307692307693
52,feature,20,21.048531,0.5897435897435898
52,conjunction,1,31.801565,0.6153846153846154
52,conjunction,2,31.648233,0.6410256410256411
52,conjunction,3,30.627371,0.6923076923076923
52,conjunction,4,31.788746,0.6153846153846154
52,conjunction,5,28.009676,0.5897435897435898
52,conjunction,6,28.647889,0.6410256410256411
52,conjunction,7,27.488722,0.717948717948718
52,conjunction,8,31.727687,0.5384615384615384
52,conjunction,9,26.693985,0.6923076923076923
52,conjunction,10,26.310748,0.41025641025641024
52,conjunction,11,27.684969,0.5641025641025641
52,conjunction,12,27.86679,0.5641025641025641
52,conjunction,13,27.647515,0.5641025641025641
52,conjunction,14,27.823989,0.5384615384615384
52,conjunction,15,26.151704,0.6410256410256411
52,conjunction,16,27.738193,0.48717948717948717
52,conjunction,17,26.634209,0.6410256410256411
52,conjunction,18,29.025732,0.5641025641025641
52,conjunction,19,25.354507,0.6410256410256411
52,conjunction,20,27.527436,0.6923076923076923
53,feature,1,43.363954,0.8717948717948718
53,feature,2,40.159331,0.5641025641025641
53,feature,3,48.125626,0.7435897435897436
53,feature,4,44.691160000000004,0.6923076923076923
53,feature,5,39.06246,0.6153846153846154
53,feature,6,42.07399,0.717948717948718
53,feature,7,38.096963,0.8461538461538461
53,feature,8,35.08067,0.7435897435897436
53,feature,9,26.336345,0.717948717948718
53,feature,11,33.243334,0.7435897435897436
53,feature,12,30.974537,0.6923076923076923
53,feature,13,31.551474,0.7435897435897436
53,feature,14,25.617838,0.6923076923076923
53,feature,15,33.062655,0.717948717948718
53,feature,16,28.953884,0.7692307692307693
53,feature,17,32.113651,0.8205128205128205
53,feature,18,27.077654,0.7435897435897436
53,feature,19,29.086346,0.7435897435897436
53,feature,20,33.11575,0.7948717948717948
53,conjunction,1,34.772739,0.5384615384615384
53,conjunction,2,28.629299,0.6153846153846154
53,conjunction,3,34.150069,0.6153846153846154
53,conjunction,4,33.360313,0.5128205128205128
53,conjunction,5,29.3565,0.5897435897435898
53,conjunction,6,28.924854,0.6153846153846154
53,conjunction,8,33.323164,0.5641025641025641
53,conjunction,9,31.571304,0.5641025641025641
53,conjunction,10,29.630206,0.5384615384615384
53,conjunction,11,32.373801,0.5128205128205128
53,conjunction,12,29.064591,0.46153846153846156
53,conjunction,13,30.277115,0.6410256410256411
53,conjunction,14,33.812635,0.46153846153846156
53,conjunction,15,26.752462,0.5897435897435898
53,conjunction,16,30.919845,0.5384615384615384
53,conjunction,17,27.568615,0.6410256410256411
53,conjunction,18,28.964494,0.6410256410256411
53,conjunction,19,34.919046,0.6666666666666666
53,conjunction,20,28.214998,0.5641025641025641
54,feature,1,29.201439,0.7692307692307693
54,feature,2,27.793837,0.6666666666666666
54,feature,3,26.491264,0.6410256410256411
54,feature,4,26.401379,0.6153846153846154
54,feature,5,25.097028,0.6153846153846154
54,feature,6,27.283006,0.5384615384615384
54,feature,7,29.784597,0.6923076923076923
54,feature,8,26.83221,0.5384615384615384
54,feature,9,25.03138,0.7692307692307693
54,feature,10,23.993322,0.7948717948717948
54,feature,11,27.283694,0.6153846153846154
54,feature,12,27.993441,0.5384615384615384
54,feature,13,25.748913,0.5897435897435898
54,feature,14,24.799959,0.6666666666666666
54,feature,15,24.711271,0.6410256410256411
54,feature,16,26.542983,0.7948717948717948
54,feature,17,25.008139,0.6666666666666666
54,feature,18,26.570013,0.6153846153846154
54,feature,19,26.291075,0.6153846153846154
54,feature,20,24.073618,0.7435897435897436
54,conjunction,2,32.313026,0.5641025641025641
54,conjunction,3,28.645786,0.4358974358974359
54,conjunction,4,25.002996,0.5897435897435898
54,conjunction,5,28.466308,0.5641025641025641
54,conjunction,6,30.126233,0.6666666666666666
54,conjunction,7,28.153565,0.5384615384615384
54,conjunction,8,28.751466,0.6153846153846154
54,conjunction,9,33.954664,0.5128205128205128
54,conjunction,10,31.975506,0.46153846153846156
54,conjunction,11,33.266559,0.6923076923076923
54,conjunction,12,27.525069,0.5897435897435898
54,conjunction,13,26.836539,0.48717948717948717
54,conjunction,14,27.096804,0.5384615384615384
54,conjunction,15,27.120726,0.5384615384615384
54,conjunction,16,32.948393,0.48717948717948717
54,conjunction,17,33.828413,0.5384615384615384
54,conjunction,18,28.421486,0.5897435897435898
54,conjunction,19,27.680392,0.5897435897435898
54,conjunction,20,25.665524,0.5897435897435898
55,feature,1,27.861871,0.7692307692307693
55,feature,2,30.633734,0.7435897435897436
55,feature,3,22.728663,0.8461538461538461
55,feature,4,27.407341,0.6923076923076923
55,feature,6,28.164929,0.6666666666666666
55,feature,7,26.704336,0.7948717948717948
55,feature,8,24.761444,0.6410256410256411
55,feature,9,27.14493,0.7435897435897436
55,feature,10,25.202506,0.6923076923076923
55,feature,11,28.931618,0.7948717948717948
55,feature,12,26.033712,0.5897435897435898
55,feature,13,27.47229,0.5897435897435898
55,feature,14,24.177808,0.6923076923076923
55,feature,15,27.306329,0.7692307692307693
55,feature,16,26.495617,0.5897435897435898
55,feature,17,27.306582,0.5897435897435898
55,feature,18,26.864656,0.6666666666666666
55,feature,19,26.36484,0.6153846153846154
55,feature,20,28.775506,0.7435897435897436
55,conjunction,1,35.941471,0.5384615384615384
55,conjunction,2,31.743728,0.5128205128205128
55,conjunction,3,31.80217,0.717948717948718
55,conjunction,4,29.83159,0.6923076923076923
55,conjunction,5,35.144713,0.5384615384615384
55,conjunction,6,28.546519,0.46153846153846156
55,conjunction,7,34.250885,0.48717948717948717
55,conjunction,8,32.372485,0.6410256410256411
55,conjunction,9,30.204606,0.6153846153846154
55,conjunction,10,26.93986,0.5641025641025641
55,conjunction,11,27.771918,0.6410256410256411
55,conjunction,12,29.287044,0.5897435897435898
55,conjunction,13,28.986581,0.5641025641025641
55,conjunction,14,28.74688,0.5128205128205128
55,conjunction,15,27.092888,0.6153846153846154
55,conjunction,16,32.258862,0.48717948717948717
55,conjunction,17,37.81463,0.5897435897435898
55,conjunction,18,27.871606,0.5641025641025641
55,conjunction,19,29.353044,0.7948717948717948
55,conjunction,20,30.28684,0.5384615384615384
56,feature,1,23.834493,0.6410256410256411
56,feature,2,22.869842,0.6666666666666666
56,feature,3,24.880299,0.5384615384615384
56,feature,4,26.081042,0.5897435897435898
56,feature,5,23.525027,0.6153846153846154
56,feature,6,25.823484,0.6666666666666666
56,feature,7,26.783389,0.7692307692307693
56,feature,8,29.519117,0.6923076923076923
56,feature,9,25.641306,0.717948717948718
56,feature,10,26.860033,0.8205128205128205
56,feature,11,26.897566,0.6923076923076923
56,feature,12,28.794876,0.7435897435897436
56,feature,13,25.991736,0.717948717948718
56,feature,14,27.354626,0.5384615384615384
56,feature,15,26.936419,0.7692307692307693
56,feature,16,25.760281,0.6410256410256411
56,feature,17,25.606758,0.7435897435897436
56,feature,18,27.73479,0.6923076923076923
56,feature,19,28.068526,0.6923076923076923
56,conjunction,2,33.708963,0.5128205128205128
56,conjunction,5,32.709635,0.5897435897435898
56,conjunction,6,36.882808,0.5384615384615384
56,conjunction,7,28.793884,0.6410256410256411
56,conjunction,8,30.485114,0.5897435897435898
56,conjunction,9,29.091873,0.5897435897435898
56,conjunction,11,33.045006,0.5384615384615384
56,conjunction,12,34.743417,0.5641025641025641
56,conjunction,13,39.257208,0.5641025641025641
56,conjunction,14,29.88799,0.5897435897435898
56,conjunction,15,36.069583,0.6410256410256411
56,conjunction,16,27.073594,0.6923076923076923
56,conjunction,17,29.569091,0.6666666666666666
56,conjunction,18,27.85162,0.6153846153846154
56,conjunction,20,30.203377,0.5641025641025641
57,feature,1,36.025828,0.7692307692307693
57,feature,2,27.925401,0.7948717948717948
57,feature,3,27.790665,0.6410256410256411
57,feature,4,29.507476,0.8205128205128205
57,feature,5,30.120023,0.6923076923076923
57,feature,6,27.778659,0.6923076923076923
57,feature,7,25.188021,0.717948717948718
57,feature,8,26.272576,0.6923076923076923
57,feature,9,28.633902,0.7435897435897436
57,feature,10,28.905517,0.8205128205128205
57,feature,11,23.600296,0.8205128205128205
57,feature,12,26.355845,0.6410256410256411
57,feature,13,23.105286,0.7435897435897436
57,feature,14,23.371695,0.5897435897435898
57,feature,15,21.731904,0.717948717948718
57,feature,16,27.106463,0.5897435897435898
57,feature,17,24.270954,0.5641025641025641
57,feature,18,24.247272,0.7948717948717948
57,feature,19,21.502654,0.7948717948717948
57,feature,20,23.824352,0.6666666666666666
57,conjunction,1,34.50258,0.6153846153846154
57,conjunction,2,24.678246,0.5384615384615384
57,conjunction,3,33.428942,0.6153846153846154
57,conjunction,5,34.100239,0.5897435897435898
57,conjunction,6,31.838899,0.7948717948717948
57,conjunction,8,34.089836,0.6153846153846154
57,conjunction,10,25.242723,0.5641025641025641
57,conjunction,13,36.65354,0.5384615384615384
57,conjunction,14,30.783866,0.5897435897435898
57,conjunction,15,30.15982,0.5128205128205128
57,conjunction,19,36.370475,0.6923076923076923
57,conjunction,20,30.039341,0.6153846153846154
58,feature,1,34.396157,0.6153846153846154
58,feature,3,29.839942,0.7948717948717948
58,feature,6,33.633658,0.717948717948718
58,feature,7,33.270554,0.6410256410256411
58,feature,8,33.033146,0.6153846153846154
58,feature,9,34.759534,0.41025641025641024
58,feature,10,33.760411,0.7435897435897436
58,feature,11,30.128842,0.6153846153846154
58,feature,12,24.454422,0.6153846153846154
58,feature,13,26.81443,0.6923076923076923
58,feature,14,28.38038,0.6153846153846154
58,feature,15,28.747632,0.7948717948717948
58,feature,16,30.260878,0.5641025641025641
58,feature,17,27.402184,0.6153846153846154
58,feature,18,29.866062,0.46153846153846156
58,feature,19,25.193246,0.6666666666666666
58,feature,20,26.812311,0.6410256410256411
58,conjunction,1,26.566977,0.5384615384615384
58,conjunction,2,29.457774,0.7692307692307693
58,conjunction,3,29.06443,0.5641025641025641
58,conjunction,4,31.228432,0.7435897435897436
58,conjunction,5,34.462251,0.6153846153846154
58,conjunction,6,30.428019,0.7435897435897436
58,conjunction,7,24.718793,0.5897435897435898
58,conjunction,8,27.4964,0.7692307692307693
58,conjunction,9,26.169535,0.6666666666666666
58,conjunction,11,31.314871,0.48717948717948717
58,conjunction,12,35.480061,0.6666666666666666
58,conjunction,13,31.695482,0.6666666666666666
58,conjunction,14,28.819278,0.6666666666666666
58,conjunction,15,30.558738,0.6666666666666666
58,conjunction,16,32.510181,0.6410256410256411
58,conjunction,17,26.69266,0.6153846153846154
58,conjunction,18,29.171547,0.6923076923076923
58,conjunction,19,32.463432,0.6153846153846154
58,conjunction,20,27.563533,0.48717948717948717
